"source_desc","sector_desc","group_desc","commodity_desc","class_desc","prodn_practice_desc","util_practice_desc","statisticcat_desc","unit_desc","short_desc","domain_desc","domaincat_desc","agg_level_desc","state_ansi","state_fips_code","state_alpha","state_name","asd_code","asd_desc","county_ansi","county_code","county_name","region_desc","zip_5","watershed_code","watershed_desc","congr_district_code","country_code","country_name","location_desc","year","freq_desc","begin_code","end_code","reference_period_desc","week_ending","load_time","Value","CV (%)"
"SURVEY","ANIMALS & PRODUCTS","LIVESTOCK","CATTLE","BULLS","ALL PRODUCTION PRACTICES","SLAUGHTER, COMMERCIAL, FI","SLAUGHTERED","HEAD","CATTLE, BULLS, SLAUGHTER, COMMERCIAL, FI - SLAUGHTERED, MEASURED IN HEAD","TOTAL","NOT SPECIFIED","STATE","19","19","IA","IOWA","","","","","","","","00000000","","","9000","UNITED STATES","IOWA","2003","ANNUAL","00","00","YEAR","","2012-01-01 00:00:00.000","1,200",""
"SURVEY","ANIMALS & PRODUCTS","LIVESTOCK","CATTLE","BULLS","ALL PRODUCTION PRACTICES","SLAUGHTER, COMMERCIAL, FI","SLAUGHTERED","HEAD","CATTLE, BULLS, SLAUGHTER, COMMERCIAL, FI - SLAUGHTERED, MEASURED IN HEAD","TOTAL","NOT SPECIFIED","STATE","19","19","IA","IOWA","","","","","","","","00000000","","","9000","UNITED STATES","IOWA","2002","ANNUAL","00","00","YEAR","","2012-01-01 00:00:00.000","1,900",""
"SURVEY","ANIMALS & PRODUCTS","LIVESTOCK","CATTLE","BULLS","ALL PRODUCTION PRACTICES","SLAUGHTER, COMMERCIAL, FI","SLAUGHTERED","HEAD","CATTLE, BULLS, SLAUGHTER, COMMERCIAL, FI - SLAUGHTERED, MEASURED IN HEAD","TOTAL","NOT SPECIFIED","STATE","19","19","IA","IOWA","","","","","","","","00000000","","","9000","UNITED STATES","IOWA","2001","ANNUAL","00","00","YEAR","","2012-01-01 00:00:00.000","6,900",""
"SURVEY","ANIMALS & PRODUCTS","LIVESTOCK","CATTLE","BULLS","ALL PRODUCTION PRACTICES","SLAUGHTER, COMMERCIAL, FI","SLAUGHTERED","HEAD","CATTLE, BULLS, SLAUGHTER, COMMERCIAL, FI - SLAUGHTERED, MEASURED IN HEAD","TOTAL","NOT SPECIFIED","STATE","19","19","IA","IOWA","","","","","","","","00000000","","","9000","UNITED STATES","IOWA","2000","ANNUAL","00","00","YEAR","","2012-01-01 00:00:00.000","3,300",""
"SURVEY","ANIMALS & PRODUCTS","LIVESTOCK","CATTLE","BULLS","ALL PRODUCTION PRACTICES","SLAUGHTER, COMMERCIAL, FI","SLAUGHTERED","HEAD","CATTLE, BULLS, SLAUGHTER, COMMERCIAL, FI - SLAUGHTERED, MEASURED IN HEAD","TOTAL","NOT SPECIFIED","STATE","19","19","IA","IOWA","","","","","","","","00000000","","","9000","UNITED STATES","IOWA","1999","ANNUAL","00","00","YEAR","","2012-01-01 00:00:00.000","12,000",""
"SURVEY","ANIMALS & PRODUCTS","LIVESTOCK","CATTLE","BULLS","ALL PRODUCTION PRACTICES","SLAUGHTER, COMMERCIAL, FI","SLAUGHTERED","HEAD","CATTLE, BULLS, SLAUGHTER, COMMERCIAL, FI - SLAUGHTERED, MEASURED IN HEAD","TOTAL","NOT SPECIFIED","STATE","19","19","IA","IOWA","","","","","","","","00000000","","","9000","UNITED STATES","IOWA","1998","ANNUAL","00","00","YEAR","","2012-01-01 00:00:00.000","15,500",""
"SURVEY","ANIMALS & PRODUCTS","LIVESTOCK","CATTLE","BULLS","ALL PRODUCTION PRACTICES","SLAUGHTER, COMMERCIAL, FI","SLAUGHTERED","HEAD","CATTLE, BULLS, SLAUGHTER, COMMERCIAL, FI - SLAUGHTERED, MEASURED IN HEAD","TOTAL","NOT SPECIFIED","STATE","19","19","IA","IOWA","","","","","","","","00000000","","","9000","UNITED STATES","IOWA","1997","ANNUAL","00","00","YEAR","","2012-01-01 00:00:00.000","26,300",""
"SURVEY","ANIMALS & PRODUCTS","LIVESTOCK","CATTLE","CALVES","ALL PRODUCTION PRACTICES","SLAUGHTER, COMMERCIAL","SLAUGHTERED","HEAD","CATTLE, CALVES, SLAUGHTER, COMMERCIAL - SLAUGHTERED, MEASURED IN HEAD","TOTAL","NOT SPECIFIED","STATE","19","19","IA","IOWA","","","","","","","","00000000","","","9000","UNITED STATES","IOWA","2022","ANNUAL","00","00","YEAR","","2023-04-19 15:00:00.000"," (D)",""
"SURVEY","ANIMALS & PRODUCTS","LIVESTOCK","CATTLE","CALVES","ALL PRODUCTION PRACTICES","SLAUGHTER, COMMERCIAL","SLAUGHTERED","HEAD","CATTLE, CALVES, SLAUGHTER, COMMERCIAL - SLAUGHTERED, MEASURED IN HEAD","TOTAL","NOT SPECIFIED","STATE","19","19","IA","IOWA","","","","","","","","00000000","","","9000","UNITED STATES","IOWA","2021","ANNUAL","00","00","YEAR","","2023-04-19 15:00:00.000"," (D)",""
"SURVEY","ANIMALS & PRODUCTS","LIVESTOCK","CATTLE","CALVES","ALL PRODUCTION PRACTICES","SLAUGHTER, COMMERCIAL","SLAUGHTERED","HEAD","CATTLE, CALVES, SLAUGHTER, COMMERCIAL - SLAUGHTERED, MEASURED IN HEAD","TOTAL","NOT SPECIFIED","STATE","19","19","IA","IOWA","","","","","","","","00000000","","","9000","UNITED STATES","IOWA","2020","ANNUAL","00","00","YEAR","","2022-04-20 16:05:09.000"," (D)",""
"SURVEY","ANIMALS & PRODUCTS","LIVESTOCK","CATTLE","CALVES","ALL PRODUCTION PRACTICES","SLAUGHTER, COMMERCIAL","SLAUGHTERED","HEAD","CATTLE, CALVES, SLAUGHTER, COMMERCIAL - SLAUGHTERED, MEASURED IN HEAD","TOTAL","NOT SPECIFIED","STATE","19","19","IA","IOWA","","","","","","","","00000000","","","9000","UNITED STATES","IOWA","2019","ANNUAL","00","00","YEAR","","2021-04-21 15:20:54.000"," (D)",""
"SURVEY","ANIMALS & PRODUCTS","LIVESTOCK","CATTLE","CALVES","ALL PRODUCTION PRACTICES","SLAUGHTER, COMMERCIAL","SLAUGHTERED","HEAD","CATTLE, CALVES, SLAUGHTER, COMMERCIAL - SLAUGHTERED, MEASURED IN HEAD","TOTAL","NOT SPECIFIED","STATE","19","19","IA","IOWA","","","","","","","","00000000","","","9000","UNITED STATES","IOWA","2018","ANNUAL","00","00","YEAR","","2020-04-22 15:10:58.000"," (D)",""
"SURVEY","ANIMALS & PRODUCTS","LIVESTOCK","CATTLE","CALVES","ALL PRODUCTION PRACTICES","SLAUGHTER, COMMERCIAL","SLAUGHTERED","HEAD","CATTLE, CALVES, SLAUGHTER, COMMERCIAL - SLAUGHTERED, MEASURED IN HEAD","TOTAL","NOT SPECIFIED","STATE","19","19","IA","IOWA","","","","","","","","00000000","","","9000","UNITED STATES","IOWA","2017","ANNUAL","00","00","YEAR","","2019-04-24 15:09:22.000"," (D)",""
"SURVEY","ANIMALS & PRODUCTS","LIVESTOCK","CATTLE","CALVES","ALL PRODUCTION PRACTICES","SLAUGHTER, COMMERCIAL","SLAUGHTERED","HEAD","CATTLE, CALVES, SLAUGHTER, COMMERCIAL - SLAUGHTERED, MEASURED IN HEAD","TOTAL","NOT SPECIFIED","STATE","19","19","IA","IOWA","","","","","","","","00000000","","","9000","UNITED STATES","IOWA","2016","ANNUAL","00","00","YEAR","","2018-04-18 15:04:27.000"," (D)",""
"SURVEY","ANIMALS & PRODUCTS","LIVESTOCK","CATTLE","CALVES","ALL PRODUCTION PRACTICES","SLAUGHTER, COMMERCIAL","SLAUGHTERED","HEAD","CATTLE, CALVES, SLAUGHTER, COMMERCIAL - SLAUGHTERED, MEASURED IN HEAD","TOTAL","NOT SPECIFIED","STATE","19","19","IA","IOWA","","","","","","","","00000000","","","9000","UNITED STATES","IOWA","2015","ANNUAL","00","00","YEAR","","2017-04-19 15:11:08.000","(Y)",""
"SURVEY","ANIMALS & PRODUCTS","LIVESTOCK","CATTLE","CALVES","ALL PRODUCTION PRACTICES","SLAUGHTER, COMMERCIAL","SLAUGHTERED","HEAD","CATTLE, CALVES, SLAUGHTER, COMMERCIAL - SLAUGHTERED, MEASURED IN HEAD","TOTAL","NOT SPECIFIED","STATE","19","19","IA","IOWA","","","","","","","","00000000","","","9000","UNITED STATES","IOWA","2014","ANNUAL","00","00","YEAR","","2016-04-20 15:48:37.000"," (D)",""
"SURVEY","ANIMALS & PRODUCTS","LIVESTOCK","CATTLE","CALVES","ALL PRODUCTION PRACTICES","SLAUGHTER, COMMERCIAL","SLAUGHTERED","HEAD","CATTLE, CALVES, SLAUGHTER, COMMERCIAL - SLAUGHTERED, MEASURED IN HEAD","TOTAL","NOT SPECIFIED","STATE","19","19","IA","IOWA","","","","","","","","00000000","","","9000","UNITED STATES","IOWA","2013","ANNUAL","00","00","YEAR","","2015-04-27 15:00:41.000","(Y)",""
"SURVEY","ANIMALS & PRODUCTS","LIVESTOCK","CATTLE","CALVES","ALL PRODUCTION PRACTICES","SLAUGHTER, COMMERCIAL","SLAUGHTERED","HEAD","CATTLE, CALVES, SLAUGHTER, COMMERCIAL - SLAUGHTERED, MEASURED IN HEAD","TOTAL","NOT SPECIFIED","STATE","19","19","IA","IOWA","","","","","","","","00000000","","","9000","UNITED STATES","IOWA","2012","ANNUAL","00","00","YEAR","","2014-04-21 15:13:12.000","100",""
"SURVEY","ANIMALS & PRODUCTS","LIVESTOCK","CATTLE","CALVES","ALL PRODUCTION PRACTICES","SLAUGHTER, COMMERCIAL","SLAUGHTERED","HEAD","CATTLE, CALVES, SLAUGHTER, COMMERCIAL - SLAUGHTERED, MEASURED IN HEAD","TOTAL","NOT SPECIFIED","STATE","19","19","IA","IOWA","","","","","","","","00000000","","","9000","UNITED STATES","IOWA","2011","ANNUAL","00","00","YEAR","","2013-04-30 07:53:09.000","100",""
"SURVEY","ANIMALS & PRODUCTS","LIVESTOCK","CATTLE","CALVES","ALL PRODUCTION PRACTICES","SLAUGHTER, COMMERCIAL","SLAUGHTERED","HEAD","CATTLE, CALVES, SLAUGHTER, COMMERCIAL - SLAUGHTERED, MEASURED IN HEAD","TOTAL","NOT SPECIFIED","STATE","19","19","IA","IOWA","","","","","","","","00000000","","","9000","UNITED STATES","IOWA","2010","ANNUAL","00","00","YEAR","","2012-01-01 00:00:00.000","300",""
"SURVEY","ANIMALS & PRODUCTS","LIVESTOCK","CATTLE","CALVES","ALL PRODUCTION PRACTICES","SLAUGHTER, COMMERCIAL","SLAUGHTERED","HEAD","CATTLE, CALVES, SLAUGHTER, COMMERCIAL - SLAUGHTERED, MEASURED IN HEAD","TOTAL","NOT SPECIFIED","STATE","19","19","IA","IOWA","","","","","","","","00000000","","","9000","UNITED STATES","IOWA","2008","ANNUAL","00","00","YEAR","","2012-01-01 00:00:00.000","400",""
"SURVEY","ANIMALS & PRODUCTS","LIVESTOCK","CATTLE","CALVES","ALL PRODUCTION PRACTICES","SLAUGHTER, COMMERCIAL","SLAUGHTERED","HEAD","CATTLE, CALVES, SLAUGHTER, COMMERCIAL - SLAUGHTERED, MEASURED IN HEAD","TOTAL","NOT SPECIFIED","STATE","19","19","IA","IOWA","","","","","","","","00000000","","","9000","UNITED STATES","IOWA","2007","ANNUAL","00","00","YEAR","","2012-01-01 00:00:00.000","0",""
"SURVEY","ANIMALS & PRODUCTS","LIVESTOCK","CATTLE","CALVES","ALL PRODUCTION PRACTICES","SLAUGHTER, COMMERCIAL","SLAUGHTERED","LB / HEAD, LIVE BASIS","CATTLE, CALVES, SLAUGHTER, COMMERCIAL - SLAUGHTERED, MEASURED IN LB / HEAD, LIVE BASIS","TOTAL","NOT SPECIFIED","STATE","19","19","IA","IOWA","","","","","","","","00000000","","","9000","UNITED STATES","IOWA","2022","ANNUAL","00","00","YEAR","","2023-04-19 15:00:00.000"," (D)",""
"SURVEY","ANIMALS & PRODUCTS","LIVESTOCK","CATTLE","CALVES","ALL PRODUCTION PRACTICES","SLAUGHTER, COMMERCIAL","SLAUGHTERED","LB / HEAD, LIVE BASIS","CATTLE, CALVES, SLAUGHTER, COMMERCIAL - SLAUGHTERED, MEASURED IN LB / HEAD, LIVE BASIS","TOTAL","NOT SPECIFIED","STATE","19","19","IA","IOWA","","","","","","","","00000000","","","9000","UNITED STATES","IOWA","2021","ANNUAL","00","00","YEAR","","2023-04-19 15:00:00.000"," (D)",""
"SURVEY","ANIMALS & PRODUCTS","LIVESTOCK","CATTLE","CALVES","ALL PRODUCTION PRACTICES","SLAUGHTER, COMMERCIAL","SLAUGHTERED","LB / HEAD, LIVE BASIS","CATTLE, CALVES, SLAUGHTER, COMMERCIAL - SLAUGHTERED, MEASURED IN LB / HEAD, LIVE BASIS","TOTAL","NOT SPECIFIED","STATE","19","19","IA","IOWA","","","","","","","","00000000","","","9000","UNITED STATES","IOWA","2020","ANNUAL","00","00","YEAR","","2022-04-20 16:05:09.000"," (D)",""
"SURVEY","ANIMALS & PRODUCTS","LIVESTOCK","CATTLE","CALVES","ALL PRODUCTION PRACTICES","SLAUGHTER, COMMERCIAL","SLAUGHTERED","LB / HEAD, LIVE BASIS","CATTLE, CALVES, SLAUGHTER, COMMERCIAL - SLAUGHTERED, MEASURED IN LB / HEAD, LIVE BASIS","TOTAL","NOT SPECIFIED","STATE","19","19","IA","IOWA","","","","","","","","00000000","","","9000","UNITED STATES","IOWA","2019","ANNUAL","00","00","YEAR","","2021-04-21 15:20:54.000"," (D)",""
"SURVEY","ANIMALS & PRODUCTS","LIVESTOCK","CATTLE","CALVES","ALL PRODUCTION PRACTICES","SLAUGHTER, COMMERCIAL","SLAUGHTERED","LB / HEAD, LIVE BASIS","CATTLE, CALVES, SLAUGHTER, COMMERCIAL - SLAUGHTERED, MEASURED IN LB / HEAD, LIVE BASIS","TOTAL","NOT SPECIFIED","STATE","19","19","IA","IOWA","","","","","","","","00000000","","","9000","UNITED STATES","IOWA","2018","ANNUAL","00","00","YEAR","","2020-04-22 15:10:58.000"," (D)",""
"SURVEY","ANIMALS & PRODUCTS","LIVESTOCK","CATTLE","CALVES","ALL PRODUCTION PRACTICES","SLAUGHTER, COMMERCIAL","SLAUGHTERED","LB / HEAD, LIVE BASIS","CATTLE, CALVES, SLAUGHTER, COMMERCIAL - SLAUGHTERED, MEASURED IN LB / HEAD, LIVE BASIS","TOTAL","NOT SPECIFIED","STATE","19","19","IA","IOWA","","","","","","","","00000000","","","9000","UNITED STATES","IOWA","2017","ANNUAL","00","00","YEAR","","2019-04-24 15:09:22.000"," (D)",""
"SURVEY","ANIMALS & PRODUCTS","LIVESTOCK","CATTLE","CALVES","ALL PRODUCTION PRACTICES","SLAUGHTER, COMMERCIAL","SLAUGHTERED","LB / HEAD, LIVE BASIS","CATTLE, CALVES, SLAUGHTER, COMMERCIAL - SLAUGHTERED, MEASURED IN LB / HEAD, LIVE BASIS","TOTAL","NOT SPECIFIED","STATE","19","19","IA","IOWA","","","","","","","","00000000","","","9000","UNITED STATES","IOWA","2016","ANNUAL","00","00","YEAR","","2018-04-18 15:04:27.000"," (D)",""
"SURVEY","ANIMALS & PRODUCTS","LIVESTOCK","CATTLE","CALVES","ALL PRODUCTION PRACTICES","SLAUGHTER, COMMERCIAL","SLAUGHTERED","LB / HEAD, LIVE BASIS","CATTLE, CALVES, SLAUGHTER, COMMERCIAL - SLAUGHTERED, MEASURED IN LB / HEAD, LIVE BASIS","TOTAL","NOT SPECIFIED","STATE","19","19","IA","IOWA","","","","","","","","00000000","","","9000","UNITED STATES","IOWA","2015","ANNUAL","00","00","YEAR","","2017-04-19 15:11:08.000","(Y)",""
"SURVEY","ANIMALS & PRODUCTS","LIVESTOCK","CATTLE","CALVES","ALL PRODUCTION PRACTICES","SLAUGHTER, COMMERCIAL","SLAUGHTERED","LB / HEAD, LIVE BASIS","CATTLE, CALVES, SLAUGHTER, COMMERCIAL - SLAUGHTERED, MEASURED IN LB / HEAD, LIVE BASIS","TOTAL","NOT SPECIFIED","STATE","19","19","IA","IOWA","","","","","","","","00000000","","","9000","UNITED STATES","IOWA","2014","ANNUAL","00","00","YEAR","","2016-04-20 15:48:37.000"," (D)",""
"SURVEY","ANIMALS & PRODUCTS","LIVESTOCK","CATTLE","CALVES","ALL PRODUCTION PRACTICES","SLAUGHTER, COMMERCIAL","SLAUGHTERED","LB / HEAD, LIVE BASIS","CATTLE, CALVES, SLAUGHTER, COMMERCIAL - SLAUGHTERED, MEASURED IN LB / HEAD, LIVE BASIS","TOTAL","NOT SPECIFIED","STATE","19","19","IA","IOWA","","","","","","","","00000000","","","9000","UNITED STATES","IOWA","2013","ANNUAL","00","00","YEAR","","2015-04-27 15:00:41.000","(Y)",""
"SURVEY","ANIMALS & PRODUCTS","LIVESTOCK","CATTLE","CALVES","ALL PRODUCTION PRACTICES","SLAUGHTER, COMMERCIAL","SLAUGHTERED","LB / HEAD, LIVE BASIS","CATTLE, CALVES, SLAUGHTER, COMMERCIAL - SLAUGHTERED, MEASURED IN LB / HEAD, LIVE BASIS","TOTAL","NOT SPECIFIED","STATE","19","19","IA","IOWA","","","","","","","","00000000","","","9000","UNITED STATES","IOWA","2012","ANNUAL","00","00","YEAR","","2014-04-21 15:13:12.000","268",""
"SURVEY","ANIMALS & PRODUCTS","LIVESTOCK","CATTLE","CALVES","ALL PRODUCTION PRACTICES","SLAUGHTER, COMMERCIAL","SLAUGHTERED","LB / HEAD, LIVE BASIS","CATTLE, CALVES, SLAUGHTER, COMMERCIAL - SLAUGHTERED, MEASURED IN LB / HEAD, LIVE BASIS","TOTAL","NOT SPECIFIED","STATE","19","19","IA","IOWA","","","","","","","","00000000","","","9000","UNITED STATES","IOWA","2011","ANNUAL","00","00","YEAR","","2013-04-30 07:53:09.000","257",""
"SURVEY","ANIMALS & PRODUCTS","LIVESTOCK","CATTLE","CALVES","ALL PRODUCTION PRACTICES","SLAUGHTER, COMMERCIAL","SLAUGHTERED","LB / HEAD, LIVE BASIS","CATTLE, CALVES, SLAUGHTER, COMMERCIAL - SLAUGHTERED, MEASURED IN LB / HEAD, LIVE BASIS","TOTAL","NOT SPECIFIED","STATE","19","19","IA","IOWA","","","","","","","","00000000","","","9000","UNITED STATES","IOWA","2010","ANNUAL","00","00","YEAR","","2012-01-01 00:00:00.000","280",""
"SURVEY","ANIMALS & PRODUCTS","LIVESTOCK","CATTLE","CALVES","ALL PRODUCTION PRACTICES","SLAUGHTER, COMMERCIAL","SLAUGHTERED","LB / HEAD, LIVE BASIS","CATTLE, CALVES, SLAUGHTER, COMMERCIAL - SLAUGHTERED, MEASURED IN LB / HEAD, LIVE BASIS","TOTAL","NOT SPECIFIED","STATE","19","19","IA","IOWA","","","","","","","","00000000","","","9000","UNITED STATES","IOWA","2008","ANNUAL","00","00","YEAR","","2012-01-01 00:00:00.000","333",""
"SURVEY","ANIMALS & PRODUCTS","LIVESTOCK","CATTLE","CALVES","ALL PRODUCTION PRACTICES","SLAUGHTER, COMMERCIAL","SLAUGHTERED","LB / HEAD, LIVE BASIS","CATTLE, CALVES, SLAUGHTER, COMMERCIAL - SLAUGHTERED, MEASURED IN LB / HEAD, LIVE BASIS","TOTAL","NOT SPECIFIED","STATE","19","19","IA","IOWA","","","","","","","","00000000","","","9000","UNITED STATES","IOWA","2007","ANNUAL","00","00","YEAR","","2012-01-01 00:00:00.000","0",""
"SURVEY","ANIMALS & PRODUCTS","LIVESTOCK","CATTLE","CALVES","ALL PRODUCTION PRACTICES","SLAUGHTER, COMMERCIAL","SLAUGHTERED","LB, LIVE BASIS","CATTLE, CALVES, SLAUGHTER, COMMERCIAL - SLAUGHTERED, MEASURED IN LB, LIVE BASIS","TOTAL","NOT SPECIFIED","STATE","19","19","IA","IOWA","","","","","","","","00000000","","","9000","UNITED STATES","IOWA","2022","ANNUAL","00","00","YEAR","","2023-04-19 15:00:00.000"," (D)",""
"SURVEY","ANIMALS & PRODUCTS","LIVESTOCK","CATTLE","CALVES","ALL PRODUCTION PRACTICES","SLAUGHTER, COMMERCIAL","SLAUGHTERED","LB, LIVE BASIS","CATTLE, CALVES, SLAUGHTER, COMMERCIAL - SLAUGHTERED, MEASURED IN LB, LIVE BASIS","TOTAL","NOT SPECIFIED","STATE","19","19","IA","IOWA","","","","","","","","00000000","","","9000","UNITED STATES","IOWA","2021","ANNUAL","00","00","YEAR","","2023-04-19 15:00:00.000"," (D)",""
"SURVEY","ANIMALS & PRODUCTS","LIVESTOCK","CATTLE","CALVES","ALL PRODUCTION PRACTICES","SLAUGHTER, COMMERCIAL","SLAUGHTERED","LB, LIVE BASIS","CATTLE, CALVES, SLAUGHTER, COMMERCIAL - SLAUGHTERED, MEASURED IN LB, LIVE BASIS","TOTAL","NOT SPECIFIED","STATE","19","19","IA","IOWA","","","","","","","","00000000","","","9000","UNITED STATES","IOWA","2020","ANNUAL","00","00","YEAR","","2022-04-20 16:05:09.000"," (D)",""
"SURVEY","ANIMALS & PRODUCTS","LIVESTOCK","CATTLE","CALVES","ALL PRODUCTION PRACTICES","SLAUGHTER, COMMERCIAL","SLAUGHTERED","LB, LIVE BASIS","CATTLE, CALVES, SLAUGHTER, COMMERCIAL - SLAUGHTERED, MEASURED IN LB, LIVE BASIS","TOTAL","NOT SPECIFIED","STATE","19","19","IA","IOWA","","","","","","","","00000000","","","9000","UNITED STATES","IOWA","2019","ANNUAL","00","00","YEAR","","2021-04-21 15:20:54.000"," (D)",""
"SURVEY","ANIMALS & PRODUCTS","LIVESTOCK","CATTLE","CALVES","ALL PRODUCTION PRACTICES","SLAUGHTER, COMMERCIAL","SLAUGHTERED","LB, LIVE BASIS","CATTLE, CALVES, SLAUGHTER, COMMERCIAL - SLAUGHTERED, MEASURED IN LB, LIVE BASIS","TOTAL","NOT SPECIFIED","STATE","19","19","IA","IOWA","","","","","","","","00000000","","","9000","UNITED STATES","IOWA","2018","ANNUAL","00","00","YEAR","","2020-04-22 15:10:58.000"," (D)",""
"SURVEY","ANIMALS & PRODUCTS","LIVESTOCK","CATTLE","CALVES","ALL PRODUCTION PRACTICES","SLAUGHTER, COMMERCIAL","SLAUGHTERED","LB, LIVE BASIS","CATTLE, CALVES, SLAUGHTER, COMMERCIAL - SLAUGHTERED, MEASURED IN LB, LIVE BASIS","TOTAL","NOT SPECIFIED","STATE","19","19","IA","IOWA","","","","","","","","00000000","","","9000","UNITED STATES","IOWA","2017","ANNUAL","00","00","YEAR","","2019-04-24 15:09:22.000"," (D)",""
"SURVEY","ANIMALS & PRODUCTS","LIVESTOCK","CATTLE","CALVES","ALL PRODUCTION PRACTICES","SLAUGHTER, COMMERCIAL","SLAUGHTERED","LB, LIVE BASIS","CATTLE, CALVES, SLAUGHTER, COMMERCIAL - SLAUGHTERED, MEASURED IN LB, LIVE BASIS","TOTAL","NOT SPECIFIED","STATE","19","19","IA","IOWA","","","","","","","","00000000","","","9000","UNITED STATES","IOWA","2016","ANNUAL","00","00","YEAR","","2018-04-18 15:04:27.000"," (D)",""
"SURVEY","ANIMALS & PRODUCTS","LIVESTOCK","CATTLE","CALVES","ALL PRODUCTION PRACTICES","SLAUGHTER, COMMERCIAL","SLAUGHTERED","LB, LIVE BASIS","CATTLE, CALVES, SLAUGHTER, COMMERCIAL - SLAUGHTERED, MEASURED IN LB, LIVE BASIS","TOTAL","NOT SPECIFIED","STATE","19","19","IA","IOWA","","","","","","","","00000000","","","9000","UNITED STATES","IOWA","2015","ANNUAL","00","00","YEAR","","2017-04-19 15:11:08.000","(Y)",""
"SURVEY","ANIMALS & PRODUCTS","LIVESTOCK","CATTLE","CALVES","ALL PRODUCTION PRACTICES","SLAUGHTER, COMMERCIAL","SLAUGHTERED","LB, LIVE BASIS","CATTLE, CALVES, SLAUGHTER, COMMERCIAL - SLAUGHTERED, MEASURED IN LB, LIVE BASIS","TOTAL","NOT SPECIFIED","STATE","19","19","IA","IOWA","","","","","","","","00000000","","","9000","UNITED STATES","IOWA","2014","ANNUAL","00","00","YEAR","","2016-04-20 15:48:37.000"," (D)",""
"SURVEY","ANIMALS & PRODUCTS","LIVESTOCK","CATTLE","CALVES","ALL PRODUCTION PRACTICES","SLAUGHTER, COMMERCIAL","SLAUGHTERED","LB, LIVE BASIS","CATTLE, CALVES, SLAUGHTER, COMMERCIAL - SLAUGHTERED, MEASURED IN LB, LIVE BASIS","TOTAL","NOT SPECIFIED","STATE","19","19","IA","IOWA","","","","","","","","00000000","","","9000","UNITED STATES","IOWA","2013","ANNUAL","00","00","YEAR","","2015-04-27 15:00:41.000","(Y)",""
"SURVEY","ANIMALS & PRODUCTS","LIVESTOCK","CATTLE","CALVES","ALL PRODUCTION PRACTICES","SLAUGHTER, COMMERCIAL","SLAUGHTERED","LB, LIVE BASIS","CATTLE, CALVES, SLAUGHTER, COMMERCIAL - SLAUGHTERED, MEASURED IN LB, LIVE BASIS","TOTAL","NOT SPECIFIED","STATE","19","19","IA","IOWA","","","","","","","","00000000","","","9000","UNITED STATES","IOWA","2012","ANNUAL","00","00","YEAR","","2014-04-21 15:13:12.000","13,000",""
"SURVEY","ANIMALS & PRODUCTS","LIVESTOCK","CATTLE","CALVES","ALL PRODUCTION PRACTICES","SLAUGHTER, COMMERCIAL","SLAUGHTERED","LB, LIVE BASIS","CATTLE, CALVES, SLAUGHTER, COMMERCIAL - SLAUGHTERED, MEASURED IN LB, LIVE BASIS","TOTAL","NOT SPECIFIED","STATE","19","19","IA","IOWA","","","","","","","","00000000","","","9000","UNITED STATES","IOWA","2011","ANNUAL","00","00","YEAR","","2013-04-30 07:53:09.000","28,000",""
"SURVEY","ANIMALS & PRODUCTS","LIVESTOCK","CATTLE","CALVES","ALL PRODUCTION PRACTICES","SLAUGHTER, COMMERCIAL","SLAUGHTERED","LB, LIVE BASIS","CATTLE, CALVES, SLAUGHTER, COMMERCIAL - SLAUGHTERED, MEASURED IN LB, LIVE BASIS","TOTAL","NOT SPECIFIED","STATE","19","19","IA","IOWA","","","","","","","","00000000","","","9000","UNITED STATES","IOWA","2010","ANNUAL","00","00","YEAR","","2012-01-01 00:00:00.000","93,000",""
"SURVEY","ANIMALS & PRODUCTS","LIVESTOCK","CATTLE","CALVES","ALL PRODUCTION PRACTICES","SLAUGHTER, COMMERCIAL","SLAUGHTERED","LB, LIVE BASIS","CATTLE, CALVES, SLAUGHTER, COMMERCIAL - SLAUGHTERED, MEASURED IN LB, LIVE BASIS","TOTAL","NOT SPECIFIED","STATE","19","19","IA","IOWA","","","","","","","","00000000","","","9000","UNITED STATES","IOWA","2008","ANNUAL","00","00","YEAR","","2012-01-01 00:00:00.000","142,000",""
"SURVEY","ANIMALS & PRODUCTS","LIVESTOCK","CATTLE","CALVES","ALL PRODUCTION PRACTICES","SLAUGHTER, COMMERCIAL","SLAUGHTERED","LB, LIVE BASIS","CATTLE, CALVES, SLAUGHTER, COMMERCIAL - SLAUGHTERED, MEASURED IN LB, LIVE BASIS","TOTAL","NOT SPECIFIED","STATE","19","19","IA","IOWA","","","","","","","","00000000","","","9000","UNITED STATES","IOWA","2007","ANNUAL","00","00","YEAR","","2012-01-01 00:00:00.000","0",""
"SURVEY","ANIMALS & PRODUCTS","LIVESTOCK","CATTLE","CALVES","ALL PRODUCTION PRACTICES","SLAUGHTER, COMMERCIAL, FI","SLAUGHTERED","HEAD","CATTLE, CALVES, SLAUGHTER, COMMERCIAL, FI - SLAUGHTERED, MEASURED IN HEAD","TOTAL","NOT SPECIFIED","STATE","19","19","IA","IOWA","","","","","","","","00000000","","","9000","UNITED STATES","IOWA","2022","ANNUAL","00","00","YEAR","","2023-04-19 15:00:00.000"," (D)",""
"SURVEY","ANIMALS & PRODUCTS","LIVESTOCK","CATTLE","CALVES","ALL PRODUCTION PRACTICES","SLAUGHTER, COMMERCIAL, FI","SLAUGHTERED","HEAD","CATTLE, CALVES, SLAUGHTER, COMMERCIAL, FI - SLAUGHTERED, MEASURED IN HEAD","TOTAL","NOT SPECIFIED","STATE","19","19","IA","IOWA","","","","","","","","00000000","","","9000","UNITED STATES","IOWA","2021","ANNUAL","00","00","YEAR","","2023-04-19 15:00:00.000"," (D)",""
"SURVEY","ANIMALS & PRODUCTS","LIVESTOCK","CATTLE","CALVES","ALL PRODUCTION PRACTICES","SLAUGHTER, COMMERCIAL, FI","SLAUGHTERED","HEAD","CATTLE, CALVES, SLAUGHTER, COMMERCIAL, FI - SLAUGHTERED, MEASURED IN HEAD","TOTAL","NOT SPECIFIED","STATE","19","19","IA","IOWA","","","","","","","","00000000","","","9000","UNITED STATES","IOWA","2020","ANNUAL","00","00","YEAR","","2022-04-20 16:05:09.000"," (D)",""
"SURVEY","ANIMALS & PRODUCTS","LIVESTOCK","CATTLE","CALVES","ALL PRODUCTION PRACTICES","SLAUGHTER, COMMERCIAL, FI","SLAUGHTERED","HEAD","CATTLE, CALVES, SLAUGHTER, COMMERCIAL, FI - SLAUGHTERED, MEASURED IN HEAD","TOTAL","NOT SPECIFIED","STATE","19","19","IA","IOWA","","","","","","","","00000000","","","9000","UNITED STATES","IOWA","2019","ANNUAL","00","00","YEAR","","2021-04-21 15:20:54.000"," (D)",""
"SURVEY","ANIMALS & PRODUCTS","LIVESTOCK","CATTLE","CALVES","ALL PRODUCTION PRACTICES","SLAUGHTER, COMMERCIAL, FI","SLAUGHTERED","HEAD","CATTLE, CALVES, SLAUGHTER, COMMERCIAL, FI - SLAUGHTERED, MEASURED IN HEAD","TOTAL","NOT SPECIFIED","STATE","19","19","IA","IOWA","","","","","","","","00000000","","","9000","UNITED STATES","IOWA","2018","ANNUAL","00","00","YEAR","","2020-04-22 15:17:24.000"," (D)",""
"SURVEY","ANIMALS & PRODUCTS","LIVESTOCK","CATTLE","CALVES","ALL PRODUCTION PRACTICES","SLAUGHTER, COMMERCIAL, FI","SLAUGHTERED","HEAD","CATTLE, CALVES, SLAUGHTER, COMMERCIAL, FI - SLAUGHTERED, MEASURED IN HEAD","TOTAL","NOT SPECIFIED","STATE","19","19","IA","IOWA","","","","","","","","00000000","","","9000","UNITED STATES","IOWA","2017","ANNUAL","00","00","YEAR","","2019-04-24 15:15:56.000"," (D)",""
"SURVEY","ANIMALS & PRODUCTS","LIVESTOCK","CATTLE","CALVES","ALL PRODUCTION PRACTICES","SLAUGHTER, COMMERCIAL, FI","SLAUGHTERED","HEAD","CATTLE, CALVES, SLAUGHTER, COMMERCIAL, FI - SLAUGHTERED, MEASURED IN HEAD","TOTAL","NOT SPECIFIED","STATE","19","19","IA","IOWA","","","","","","","","00000000","","","9000","UNITED STATES","IOWA","2016","ANNUAL","00","00","YEAR","","2018-04-20 13:44:15.000"," (D)",""
"SURVEY","ANIMALS & PRODUCTS","LIVESTOCK","CATTLE","CALVES","ALL PRODUCTION PRACTICES","SLAUGHTER, COMMERCIAL, FI","SLAUGHTERED","HEAD","CATTLE, CALVES, SLAUGHTER, COMMERCIAL, FI - SLAUGHTERED, MEASURED IN HEAD","TOTAL","NOT SPECIFIED","STATE","19","19","IA","IOWA","","","","","","","","00000000","","","9000","UNITED STATES","IOWA","2015","ANNUAL","00","00","YEAR","","2017-04-19 15:14:14.000"," (D)",""
"SURVEY","ANIMALS & PRODUCTS","LIVESTOCK","CATTLE","CALVES","ALL PRODUCTION PRACTICES","SLAUGHTER, COMMERCIAL, FI","SLAUGHTERED","HEAD","CATTLE, CALVES, SLAUGHTER, COMMERCIAL, FI - SLAUGHTERED, MEASURED IN HEAD","TOTAL","NOT SPECIFIED","STATE","19","19","IA","IOWA","","","","","","","","00000000","","","9000","UNITED STATES","IOWA","2014","ANNUAL","00","00","YEAR","","2016-05-02 14:48:51.000"," (D)",""
"SURVEY","ANIMALS & PRODUCTS","LIVESTOCK","CATTLE","CALVES","ALL PRODUCTION PRACTICES","SLAUGHTER, COMMERCIAL, FI","SLAUGHTERED","HEAD","CATTLE, CALVES, SLAUGHTER, COMMERCIAL, FI - SLAUGHTERED, MEASURED IN HEAD","TOTAL","NOT SPECIFIED","STATE","19","19","IA","IOWA","","","","","","","","00000000","","","9000","UNITED STATES","IOWA","2013","ANNUAL","00","00","YEAR","","2015-04-29 09:36:41.000"," (D)",""
"SURVEY","ANIMALS & PRODUCTS","LIVESTOCK","CATTLE","CALVES","ALL PRODUCTION PRACTICES","SLAUGHTER, COMMERCIAL, FI","SLAUGHTERED","HEAD","CATTLE, CALVES, SLAUGHTER, COMMERCIAL, FI - SLAUGHTERED, MEASURED IN HEAD","TOTAL","NOT SPECIFIED","STATE","19","19","IA","IOWA","","","","","","","","00000000","","","9000","UNITED STATES","IOWA","2012","ANNUAL","00","00","YEAR","","2015-02-03 09:00:51.000"," (D)",""
"SURVEY","ANIMALS & PRODUCTS","LIVESTOCK","CATTLE","CALVES","ALL PRODUCTION PRACTICES","SLAUGHTER, COMMERCIAL, FI","SLAUGHTERED","HEAD","CATTLE, CALVES, SLAUGHTER, COMMERCIAL, FI - SLAUGHTERED, MEASURED IN HEAD","TOTAL","NOT SPECIFIED","STATE","19","19","IA","IOWA","","","","","","","","00000000","","","9000","UNITED STATES","IOWA","2011","ANNUAL","00","00","YEAR","","2015-02-03 09:00:51.000","3",""
"SURVEY","ANIMALS & PRODUCTS","LIVESTOCK","CATTLE","CALVES","ALL PRODUCTION PRACTICES","SLAUGHTER, COMMERCIAL, FI","SLAUGHTERED","HEAD","CATTLE, CALVES, SLAUGHTER, COMMERCIAL, FI - SLAUGHTERED, MEASURED IN HEAD","TOTAL","NOT SPECIFIED","STATE","19","19","IA","IOWA","","","","","","","","00000000","","","9000","UNITED STATES","IOWA","2010","ANNUAL","00","00","YEAR","","2015-02-03 09:00:51.000"," (D)",""
"SURVEY","ANIMALS & PRODUCTS","LIVESTOCK","CATTLE","CALVES","ALL PRODUCTION PRACTICES","SLAUGHTER, COMMERCIAL, FI","SLAUGHTERED","HEAD","CATTLE, CALVES, SLAUGHTER, COMMERCIAL, FI - SLAUGHTERED, MEASURED IN HEAD","TOTAL","NOT SPECIFIED","STATE","19","19","IA","IOWA","","","","","","","","00000000","","","9000","UNITED STATES","IOWA","2008","ANNUAL","00","00","YEAR","","2015-02-03 09:00:51.000"," (D)",""
"SURVEY","ANIMALS & PRODUCTS","LIVESTOCK","CATTLE","COWS","ALL PRODUCTION PRACTICES","SLAUGHTER, COMMERCIAL, FI","SLAUGHTERED","HEAD","CATTLE, COWS, SLAUGHTER, COMMERCIAL, FI - SLAUGHTERED, MEASURED IN HEAD","TOTAL","NOT SPECIFIED","STATE","19","19","IA","IOWA","","","","","","","","00000000","","","9000","UNITED STATES","IOWA","2003","ANNUAL","00","00","YEAR","","2012-01-01 00:00:00.000","65,500",""
"SURVEY","ANIMALS & PRODUCTS","LIVESTOCK","CATTLE","COWS","ALL PRODUCTION PRACTICES","SLAUGHTER, COMMERCIAL, FI","SLAUGHTERED","HEAD","CATTLE, COWS, SLAUGHTER, COMMERCIAL, FI - SLAUGHTERED, MEASURED IN HEAD","TOTAL","NOT SPECIFIED","STATE","19","19","IA","IOWA","","","","","","","","00000000","","","9000","UNITED STATES","IOWA","2002","ANNUAL","00","00","YEAR","","2012-01-01 00:00:00.000","200",""
"SURVEY","ANIMALS & PRODUCTS","LIVESTOCK","CATTLE","COWS","ALL PRODUCTION PRACTICES","SLAUGHTER, COMMERCIAL, FI","SLAUGHTERED","HEAD","CATTLE, COWS, SLAUGHTER, COMMERCIAL, FI - SLAUGHTERED, MEASURED IN HEAD","TOTAL","NOT SPECIFIED","STATE","19","19","IA","IOWA","","","","","","","","00000000","","","9000","UNITED STATES","IOWA","2001","ANNUAL","00","00","YEAR","","2012-01-01 00:00:00.000","96,900",""
"SURVEY","ANIMALS & PRODUCTS","LIVESTOCK","CATTLE","COWS","ALL PRODUCTION PRACTICES","SLAUGHTER, COMMERCIAL, FI","SLAUGHTERED","HEAD","CATTLE, COWS, SLAUGHTER, COMMERCIAL, FI - SLAUGHTERED, MEASURED IN HEAD","TOTAL","NOT SPECIFIED","STATE","19","19","IA","IOWA","","","","","","","","00000000","","","9000","UNITED STATES","IOWA","2000","ANNUAL","00","00","YEAR","","2012-01-01 00:00:00.000","28,800",""
"SURVEY","ANIMALS & PRODUCTS","LIVESTOCK","CATTLE","COWS","ALL PRODUCTION PRACTICES","SLAUGHTER, COMMERCIAL, FI","SLAUGHTERED","HEAD","CATTLE, COWS, SLAUGHTER, COMMERCIAL, FI - SLAUGHTERED, MEASURED IN HEAD","TOTAL","NOT SPECIFIED","STATE","19","19","IA","IOWA","","","","","","","","00000000","","","9000","UNITED STATES","IOWA","1999","ANNUAL","00","00","YEAR","","2012-01-01 00:00:00.000","228,100",""
"SURVEY","ANIMALS & PRODUCTS","LIVESTOCK","CATTLE","COWS","ALL PRODUCTION PRACTICES","SLAUGHTER, COMMERCIAL, FI","SLAUGHTERED","HEAD","CATTLE, COWS, SLAUGHTER, COMMERCIAL, FI - SLAUGHTERED, MEASURED IN HEAD","TOTAL","NOT SPECIFIED","STATE","19","19","IA","IOWA","","","","","","","","00000000","","","9000","UNITED STATES","IOWA","1998","ANNUAL","00","00","YEAR","","2012-01-01 00:00:00.000","254,100",""
"SURVEY","ANIMALS & PRODUCTS","LIVESTOCK","CATTLE","COWS","ALL PRODUCTION PRACTICES","SLAUGHTER, COMMERCIAL, FI","SLAUGHTERED","HEAD","CATTLE, COWS, SLAUGHTER, COMMERCIAL, FI - SLAUGHTERED, MEASURED IN HEAD","TOTAL","NOT SPECIFIED","STATE","19","19","IA","IOWA","","","","","","","","00000000","","","9000","UNITED STATES","IOWA","1997","ANNUAL","00","00","YEAR","","2012-01-01 00:00:00.000","285,400",""
"SURVEY","ANIMALS & PRODUCTS","LIVESTOCK","CATTLE","COWS, (EXCL MILK)","ALL PRODUCTION PRACTICES","SLAUGHTER, COMMERCIAL, FI","SLAUGHTERED","HEAD","CATTLE, COWS, (EXCL MILK), SLAUGHTER, COMMERCIAL, FI - SLAUGHTERED, MEASURED IN HEAD","TOTAL","NOT SPECIFIED","STATE","19","19","IA","IOWA","","","","","","","","00000000","","","9000","UNITED STATES","IOWA","2003","ANNUAL","00","00","YEAR","","2012-01-01 00:00:00.000","65,400",""
"SURVEY","ANIMALS & PRODUCTS","LIVESTOCK","CATTLE","COWS, (EXCL MILK)","ALL PRODUCTION PRACTICES","SLAUGHTER, COMMERCIAL, FI","SLAUGHTERED","HEAD","CATTLE, COWS, (EXCL MILK), SLAUGHTER, COMMERCIAL, FI - SLAUGHTERED, MEASURED IN HEAD","TOTAL","NOT SPECIFIED","STATE","19","19","IA","IOWA","","","","","","","","00000000","","","9000","UNITED STATES","IOWA","2002","ANNUAL","00","00","YEAR","","2012-01-01 00:00:00.000","200",""
"SURVEY","ANIMALS & PRODUCTS","LIVESTOCK","CATTLE","COWS, (EXCL MILK)","ALL PRODUCTION PRACTICES","SLAUGHTER, COMMERCIAL, FI","SLAUGHTERED","HEAD","CATTLE, COWS, (EXCL MILK), SLAUGHTER, COMMERCIAL, FI - SLAUGHTERED, MEASURED IN HEAD","TOTAL","NOT SPECIFIED","STATE","19","19","IA","IOWA","","","","","","","","00000000","","","9000","UNITED STATES","IOWA","2001","ANNUAL","00","00","YEAR","","2012-01-01 00:00:00.000","57,500",""
"SURVEY","ANIMALS & PRODUCTS","LIVESTOCK","CATTLE","COWS, (EXCL MILK)","ALL PRODUCTION PRACTICES","SLAUGHTER, COMMERCIAL, FI","SLAUGHTERED","HEAD","CATTLE, COWS, (EXCL MILK), SLAUGHTER, COMMERCIAL, FI - SLAUGHTERED, MEASURED IN HEAD","TOTAL","NOT SPECIFIED","STATE","19","19","IA","IOWA","","","","","","","","00000000","","","9000","UNITED STATES","IOWA","2000","ANNUAL","00","00","YEAR","","2012-01-01 00:00:00.000","17,500",""
"SURVEY","ANIMALS & PRODUCTS","LIVESTOCK","CATTLE","COWS, (EXCL MILK)","ALL PRODUCTION PRACTICES","SLAUGHTER, COMMERCIAL, FI","SLAUGHTERED","HEAD","CATTLE, COWS, (EXCL MILK), SLAUGHTER, COMMERCIAL, FI - SLAUGHTERED, MEASURED IN HEAD","TOTAL","NOT SPECIFIED","STATE","19","19","IA","IOWA","","","","","","","","00000000","","","9000","UNITED STATES","IOWA","1999","ANNUAL","00","00","YEAR","","2012-01-01 00:00:00.000","135,500",""
"SURVEY","ANIMALS & PRODUCTS","LIVESTOCK","CATTLE","COWS, (EXCL MILK)","ALL PRODUCTION PRACTICES","SLAUGHTER, COMMERCIAL, FI","SLAUGHTERED","HEAD","CATTLE, COWS, (EXCL MILK), SLAUGHTER, COMMERCIAL, FI - SLAUGHTERED, MEASURED IN HEAD","TOTAL","NOT SPECIFIED","STATE","19","19","IA","IOWA","","","","","","","","00000000","","","9000","UNITED STATES","IOWA","1998","ANNUAL","00","00","YEAR","","2012-01-01 00:00:00.000","149,800",""
"SURVEY","ANIMALS & PRODUCTS","LIVESTOCK","CATTLE","COWS, (EXCL MILK)","ALL PRODUCTION PRACTICES","SLAUGHTER, COMMERCIAL, FI","SLAUGHTERED","HEAD","CATTLE, COWS, (EXCL MILK), SLAUGHTER, COMMERCIAL, FI - SLAUGHTERED, MEASURED IN HEAD","TOTAL","NOT SPECIFIED","STATE","19","19","IA","IOWA","","","","","","","","00000000","","","9000","UNITED STATES","IOWA","1997","ANNUAL","00","00","YEAR","","2012-01-01 00:00:00.000","162,600",""
"SURVEY","ANIMALS & PRODUCTS","LIVESTOCK","CATTLE","COWS, MILK","ALL PRODUCTION PRACTICES","SLAUGHTER, COMMERCIAL, FI","SLAUGHTERED","HEAD","CATTLE, COWS, MILK, SLAUGHTER, COMMERCIAL, FI - SLAUGHTERED, MEASURED IN HEAD","TOTAL","NOT SPECIFIED","STATE","19","19","IA","IOWA","","","","","","","","00000000","","","9000","UNITED STATES","IOWA","2003","ANNUAL","00","00","YEAR","","2012-01-01 00:00:00.000","100",""
"SURVEY","ANIMALS & PRODUCTS","LIVESTOCK","CATTLE","COWS, MILK","ALL PRODUCTION PRACTICES","SLAUGHTER, COMMERCIAL, FI","SLAUGHTERED","HEAD","CATTLE, COWS, MILK, SLAUGHTER, COMMERCIAL, FI - SLAUGHTERED, MEASURED IN HEAD","TOTAL","NOT SPECIFIED","STATE","19","19","IA","IOWA","","","","","","","","00000000","","","9000","UNITED STATES","IOWA","2001","ANNUAL","00","00","YEAR","","2012-01-01 00:00:00.000","39,300",""
"SURVEY","ANIMALS & PRODUCTS","LIVESTOCK","CATTLE","COWS, MILK","ALL PRODUCTION PRACTICES","SLAUGHTER, COMMERCIAL, FI","SLAUGHTERED","HEAD","CATTLE, COWS, MILK, SLAUGHTER, COMMERCIAL, FI - SLAUGHTERED, MEASURED IN HEAD","TOTAL","NOT SPECIFIED","STATE","19","19","IA","IOWA","","","","","","","","00000000","","","9000","UNITED STATES","IOWA","2000","ANNUAL","00","00","YEAR","","2012-01-01 00:00:00.000","11,300",""
"SURVEY","ANIMALS & PRODUCTS","LIVESTOCK","CATTLE","COWS, MILK","ALL PRODUCTION PRACTICES","SLAUGHTER, COMMERCIAL, FI","SLAUGHTERED","HEAD","CATTLE, COWS, MILK, SLAUGHTER, COMMERCIAL, FI - SLAUGHTERED, MEASURED IN HEAD","TOTAL","NOT SPECIFIED","STATE","19","19","IA","IOWA","","","","","","","","00000000","","","9000","UNITED STATES","IOWA","1999","ANNUAL","00","00","YEAR","","2012-01-01 00:00:00.000","92,700",""
"SURVEY","ANIMALS & PRODUCTS","LIVESTOCK","CATTLE","COWS, MILK","ALL PRODUCTION PRACTICES","SLAUGHTER, COMMERCIAL, FI","SLAUGHTERED","HEAD","CATTLE, COWS, MILK, SLAUGHTER, COMMERCIAL, FI - SLAUGHTERED, MEASURED IN HEAD","TOTAL","NOT SPECIFIED","STATE","19","19","IA","IOWA","","","","","","","","00000000","","","9000","UNITED STATES","IOWA","1998","ANNUAL","00","00","YEAR","","2012-01-01 00:00:00.000","104,300",""
"SURVEY","ANIMALS & PRODUCTS","LIVESTOCK","CATTLE","COWS, MILK","ALL PRODUCTION PRACTICES","SLAUGHTER, COMMERCIAL, FI","SLAUGHTERED","HEAD","CATTLE, COWS, MILK, SLAUGHTER, COMMERCIAL, FI - SLAUGHTERED, MEASURED IN HEAD","TOTAL","NOT SPECIFIED","STATE","19","19","IA","IOWA","","","","","","","","00000000","","","9000","UNITED STATES","IOWA","1997","ANNUAL","00","00","YEAR","","2012-01-01 00:00:00.000","122,800",""
"SURVEY","ANIMALS & PRODUCTS","LIVESTOCK","CATTLE","GE 500 LBS","ALL PRODUCTION PRACTICES","SLAUGHTER, COMMERCIAL","SLAUGHTERED","HEAD","CATTLE, GE 500 LBS, SLAUGHTER, COMMERCIAL - SLAUGHTERED, MEASURED IN HEAD","TOTAL","NOT SPECIFIED","STATE","19","19","IA","IOWA","","","","","","","","00000000","","","9000","UNITED STATES","IOWA","2022","ANNUAL","00","00","YEAR","","2023-04-19 15:00:00.000","546,700",""
"SURVEY","ANIMALS & PRODUCTS","LIVESTOCK","CATTLE","GE 500 LBS","ALL PRODUCTION PRACTICES","SLAUGHTER, COMMERCIAL","SLAUGHTERED","HEAD","CATTLE, GE 500 LBS, SLAUGHTER, COMMERCIAL - SLAUGHTERED, MEASURED IN HEAD","TOTAL","NOT SPECIFIED","STATE","19","19","IA","IOWA","","","","","","","","00000000","","","9000","UNITED STATES","IOWA","2021","ANNUAL","00","00","YEAR","","2023-04-19 15:00:00.000"," (D)",""
"SURVEY","ANIMALS & PRODUCTS","LIVESTOCK","CATTLE","GE 500 LBS","ALL PRODUCTION PRACTICES","SLAUGHTER, COMMERCIAL","SLAUGHTERED","HEAD","CATTLE, GE 500 LBS, SLAUGHTER, COMMERCIAL - SLAUGHTERED, MEASURED IN HEAD","TOTAL","NOT SPECIFIED","STATE","19","19","IA","IOWA","","","","","","","","00000000","","","9000","UNITED STATES","IOWA","2020","ANNUAL","00","00","YEAR","","2022-04-20 16:05:09.000"," (D)",""
"SURVEY","ANIMALS & PRODUCTS","LIVESTOCK","CATTLE","GE 500 LBS","ALL PRODUCTION PRACTICES","SLAUGHTER, COMMERCIAL","SLAUGHTERED","HEAD","CATTLE, GE 500 LBS, SLAUGHTER, COMMERCIAL - SLAUGHTERED, MEASURED IN HEAD","TOTAL","NOT SPECIFIED","STATE","19","19","IA","IOWA","","","","","","","","00000000","","","9000","UNITED STATES","IOWA","2019","ANNUAL","00","00","YEAR","","2021-04-21 15:20:54.000"," (D)",""
"SURVEY","ANIMALS & PRODUCTS","LIVESTOCK","CATTLE","GE 500 LBS","ALL PRODUCTION PRACTICES","SLAUGHTER, COMMERCIAL","SLAUGHTERED","HEAD","CATTLE, GE 500 LBS, SLAUGHTER, COMMERCIAL - SLAUGHTERED, MEASURED IN HEAD","TOTAL","NOT SPECIFIED","STATE","19","19","IA","IOWA","","","","","","","","00000000","","","9000","UNITED STATES","IOWA","2018","ANNUAL","00","00","YEAR","","2020-04-22 15:10:58.000"," (D)",""
"SURVEY","ANIMALS & PRODUCTS","LIVESTOCK","CATTLE","GE 500 LBS","ALL PRODUCTION PRACTICES","SLAUGHTER, COMMERCIAL","SLAUGHTERED","HEAD","CATTLE, GE 500 LBS, SLAUGHTER, COMMERCIAL - SLAUGHTERED, MEASURED IN HEAD","TOTAL","NOT SPECIFIED","STATE","19","19","IA","IOWA","","","","","","","","00000000","","","9000","UNITED STATES","IOWA","2017","ANNUAL","00","00","YEAR","","2019-04-24 15:09:22.000"," (D)",""
"SURVEY","ANIMALS & PRODUCTS","LIVESTOCK","CATTLE","GE 500 LBS","ALL PRODUCTION PRACTICES","SLAUGHTER, COMMERCIAL","SLAUGHTERED","HEAD","CATTLE, GE 500 LBS, SLAUGHTER, COMMERCIAL - SLAUGHTERED, MEASURED IN HEAD","TOTAL","NOT SPECIFIED","STATE","19","19","IA","IOWA","","","","","","","","00000000","","","9000","UNITED STATES","IOWA","2016","ANNUAL","00","00","YEAR","","2018-04-18 15:04:27.000"," (D)",""
"SURVEY","ANIMALS & PRODUCTS","LIVESTOCK","CATTLE","GE 500 LBS","ALL PRODUCTION PRACTICES","SLAUGHTER, COMMERCIAL","SLAUGHTERED","HEAD","CATTLE, GE 500 LBS, SLAUGHTER, COMMERCIAL - SLAUGHTERED, MEASURED IN HEAD","TOTAL","NOT SPECIFIED","STATE","19","19","IA","IOWA","","","","","","","","00000000","","","9000","UNITED STATES","IOWA","2015","ANNUAL","00","00","YEAR","","2017-04-19 15:11:08.000"," (D)",""
"SURVEY","ANIMALS & PRODUCTS","LIVESTOCK","CATTLE","GE 500 LBS","ALL PRODUCTION PRACTICES","SLAUGHTER, COMMERCIAL","SLAUGHTERED","HEAD","CATTLE, GE 500 LBS, SLAUGHTER, COMMERCIAL - SLAUGHTERED, MEASURED IN HEAD","TOTAL","NOT SPECIFIED","STATE","19","19","IA","IOWA","","","","","","","","00000000","","","9000","UNITED STATES","IOWA","2014","ANNUAL","00","00","YEAR","","2016-04-20 15:48:37.000"," (D)",""
"SURVEY","ANIMALS & PRODUCTS","LIVESTOCK","CATTLE","GE 500 LBS","ALL PRODUCTION PRACTICES","SLAUGHTER, COMMERCIAL","SLAUGHTERED","HEAD","CATTLE, GE 500 LBS, SLAUGHTER, COMMERCIAL - SLAUGHTERED, MEASURED IN HEAD","TOTAL","NOT SPECIFIED","STATE","19","19","IA","IOWA","","","","","","","","00000000","","","9000","UNITED STATES","IOWA","2013","ANNUAL","00","00","YEAR","","2015-04-27 15:00:41.000"," (D)",""
"SURVEY","ANIMALS & PRODUCTS","LIVESTOCK","CATTLE","GE 500 LBS","ALL PRODUCTION PRACTICES","SLAUGHTER, COMMERCIAL","SLAUGHTERED","HEAD","CATTLE, GE 500 LBS, SLAUGHTER, COMMERCIAL - SLAUGHTERED, MEASURED IN HEAD","TOTAL","NOT SPECIFIED","STATE","19","19","IA","IOWA","","","","","","","","00000000","","","9000","UNITED STATES","IOWA","2012","ANNUAL","00","00","YEAR","","2014-04-21 15:13:12.000"," (D)",""
"SURVEY","ANIMALS & PRODUCTS","LIVESTOCK","CATTLE","GE 500 LBS","ALL PRODUCTION PRACTICES","SLAUGHTER, COMMERCIAL","SLAUGHTERED","HEAD","CATTLE, GE 500 LBS, SLAUGHTER, COMMERCIAL - SLAUGHTERED, MEASURED IN HEAD","TOTAL","NOT SPECIFIED","STATE","19","19","IA","IOWA","","","","","","","","00000000","","","9000","UNITED STATES","IOWA","2011","ANNUAL","00","00","YEAR","","2013-04-30 07:53:09.000"," (D)",""
"SURVEY","ANIMALS & PRODUCTS","LIVESTOCK","CATTLE","GE 500 LBS","ALL PRODUCTION PRACTICES","SLAUGHTER, COMMERCIAL","SLAUGHTERED","HEAD","CATTLE, GE 500 LBS, SLAUGHTER, COMMERCIAL - SLAUGHTERED, MEASURED IN HEAD","TOTAL","NOT SPECIFIED","STATE","19","19","IA","IOWA","","","","","","","","00000000","","","9000","UNITED STATES","IOWA","2010","ANNUAL","00","00","YEAR","","2012-04-24 12:58:51.000"," (D)",""
"SURVEY","ANIMALS & PRODUCTS","LIVESTOCK","CATTLE","GE 500 LBS","ALL PRODUCTION PRACTICES","SLAUGHTER, COMMERCIAL","SLAUGHTERED","HEAD","CATTLE, GE 500 LBS, SLAUGHTER, COMMERCIAL - SLAUGHTERED, MEASURED IN HEAD","TOTAL","NOT SPECIFIED","STATE","19","19","IA","IOWA","","","","","","","","00000000","","","9000","UNITED STATES","IOWA","2007","ANNUAL","00","00","YEAR","","2012-01-01 00:00:00.000","0",""
"SURVEY","ANIMALS & PRODUCTS","LIVESTOCK","CATTLE","GE 500 LBS","ALL PRODUCTION PRACTICES","SLAUGHTER, COMMERCIAL","SLAUGHTERED","HEAD","CATTLE, GE 500 LBS, SLAUGHTER, COMMERCIAL - SLAUGHTERED, MEASURED IN HEAD","TOTAL","NOT SPECIFIED","STATE","19","19","IA","IOWA","","","","","","","","00000000","","","9000","UNITED STATES","IOWA","2003","ANNUAL","00","00","YEAR","","2012-01-01 00:00:00.000","810,200",""
"SURVEY","ANIMALS & PRODUCTS","LIVESTOCK","CATTLE","GE 500 LBS","ALL PRODUCTION PRACTICES","SLAUGHTER, COMMERCIAL","SLAUGHTERED","HEAD","CATTLE, GE 500 LBS, SLAUGHTER, COMMERCIAL - SLAUGHTERED, MEASURED IN HEAD","TOTAL","NOT SPECIFIED","STATE","19","19","IA","IOWA","","","","","","","","00000000","","","9000","UNITED STATES","IOWA","2002","ANNUAL","00","00","YEAR","","2012-01-01 00:00:00.000","686,700",""
"SURVEY","ANIMALS & PRODUCTS","LIVESTOCK","CATTLE","GE 500 LBS","ALL PRODUCTION PRACTICES","SLAUGHTER, COMMERCIAL","SLAUGHTERED","HEAD","CATTLE, GE 500 LBS, SLAUGHTER, COMMERCIAL - SLAUGHTERED, MEASURED IN HEAD","TOTAL","NOT SPECIFIED","STATE","19","19","IA","IOWA","","","","","","","","00000000","","","9000","UNITED STATES","IOWA","2001","ANNUAL","00","00","YEAR","","2012-01-01 00:00:00.000","788,700",""
"SURVEY","ANIMALS & PRODUCTS","LIVESTOCK","CATTLE","GE 500 LBS","ALL PRODUCTION PRACTICES","SLAUGHTER, COMMERCIAL","SLAUGHTERED","HEAD","CATTLE, GE 500 LBS, SLAUGHTER, COMMERCIAL - SLAUGHTERED, MEASURED IN HEAD","TOTAL","NOT SPECIFIED","STATE","19","19","IA","IOWA","","","","","","","","00000000","","","9000","UNITED STATES","IOWA","2000","ANNUAL","00","00","YEAR","","2012-01-01 00:00:00.000","679,400",""
"SURVEY","ANIMALS & PRODUCTS","LIVESTOCK","CATTLE","GE 500 LBS","ALL PRODUCTION PRACTICES","SLAUGHTER, COMMERCIAL","SLAUGHTERED","HEAD","CATTLE, GE 500 LBS, SLAUGHTER, COMMERCIAL - SLAUGHTERED, MEASURED IN HEAD","TOTAL","NOT SPECIFIED","STATE","19","19","IA","IOWA","","","","","","","","00000000","","","9000","UNITED STATES","IOWA","1999","ANNUAL","00","00","YEAR","","2012-01-01 00:00:00.000","867,500",""
"SURVEY","ANIMALS & PRODUCTS","LIVESTOCK","CATTLE","GE 500 LBS","ALL PRODUCTION PRACTICES","SLAUGHTER, COMMERCIAL","SLAUGHTERED","HEAD","CATTLE, GE 500 LBS, SLAUGHTER, COMMERCIAL - SLAUGHTERED, MEASURED IN HEAD","TOTAL","NOT SPECIFIED","STATE","19","19","IA","IOWA","","","","","","","","00000000","","","9000","UNITED STATES","IOWA","1998","ANNUAL","00","00","YEAR","","2012-01-01 00:00:00.000","932,200",""
"SURVEY","ANIMALS & PRODUCTS","LIVESTOCK","CATTLE","GE 500 LBS","ALL PRODUCTION PRACTICES","SLAUGHTER, COMMERCIAL","SLAUGHTERED","HEAD","CATTLE, GE 500 LBS, SLAUGHTER, COMMERCIAL - SLAUGHTERED, MEASURED IN HEAD","TOTAL","NOT SPECIFIED","STATE","19","19","IA","IOWA","","","","","","","","00000000","","","9000","UNITED STATES","IOWA","1997","ANNUAL","00","00","YEAR","","2012-01-01 00:00:00.000","1,049,200",""
"SURVEY","ANIMALS & PRODUCTS","LIVESTOCK","CATTLE","GE 500 LBS","ALL PRODUCTION PRACTICES","SLAUGHTER, COMMERCIAL","SLAUGHTERED","LB / HEAD, LIVE BASIS","CATTLE, GE 500 LBS, SLAUGHTER, COMMERCIAL - SLAUGHTERED, MEASURED IN LB / HEAD, LIVE BASIS","TOTAL","NOT SPECIFIED","STATE","19","19","IA","IOWA","","","","","","","","00000000","","","9000","UNITED STATES","IOWA","2022","ANNUAL","00","00","YEAR","","2023-04-19 15:00:00.000","1,394",""
"SURVEY","ANIMALS & PRODUCTS","LIVESTOCK","CATTLE","GE 500 LBS","ALL PRODUCTION PRACTICES","SLAUGHTER, COMMERCIAL","SLAUGHTERED","LB / HEAD, LIVE BASIS","CATTLE, GE 500 LBS, SLAUGHTER, COMMERCIAL - SLAUGHTERED, MEASURED IN LB / HEAD, LIVE BASIS","TOTAL","NOT SPECIFIED","STATE","19","19","IA","IOWA","","","","","","","","00000000","","","9000","UNITED STATES","IOWA","2021","ANNUAL","00","00","YEAR","","2023-04-19 15:00:00.000"," (D)",""
"SURVEY","ANIMALS & PRODUCTS","LIVESTOCK","CATTLE","GE 500 LBS","ALL PRODUCTION PRACTICES","SLAUGHTER, COMMERCIAL","SLAUGHTERED","LB / HEAD, LIVE BASIS","CATTLE, GE 500 LBS, SLAUGHTER, COMMERCIAL - SLAUGHTERED, MEASURED IN LB / HEAD, LIVE BASIS","TOTAL","NOT SPECIFIED","STATE","19","19","IA","IOWA","","","","","","","","00000000","","","9000","UNITED STATES","IOWA","2020","ANNUAL","00","00","YEAR","","2022-04-20 16:05:09.000"," (D)",""
"SURVEY","ANIMALS & PRODUCTS","LIVESTOCK","CATTLE","GE 500 LBS","ALL PRODUCTION PRACTICES","SLAUGHTER, COMMERCIAL","SLAUGHTERED","LB / HEAD, LIVE BASIS","CATTLE, GE 500 LBS, SLAUGHTER, COMMERCIAL - SLAUGHTERED, MEASURED IN LB / HEAD, LIVE BASIS","TOTAL","NOT SPECIFIED","STATE","19","19","IA","IOWA","","","","","","","","00000000","","","9000","UNITED STATES","IOWA","2019","ANNUAL","00","00","YEAR","","2021-04-21 15:20:54.000"," (D)",""
"SURVEY","ANIMALS & PRODUCTS","LIVESTOCK","CATTLE","GE 500 LBS","ALL PRODUCTION PRACTICES","SLAUGHTER, COMMERCIAL","SLAUGHTERED","LB / HEAD, LIVE BASIS","CATTLE, GE 500 LBS, SLAUGHTER, COMMERCIAL - SLAUGHTERED, MEASURED IN LB / HEAD, LIVE BASIS","TOTAL","NOT SPECIFIED","STATE","19","19","IA","IOWA","","","","","","","","00000000","","","9000","UNITED STATES","IOWA","2018","ANNUAL","00","00","YEAR","","2020-04-22 15:10:58.000"," (D)",""
"SURVEY","ANIMALS & PRODUCTS","LIVESTOCK","CATTLE","GE 500 LBS","ALL PRODUCTION PRACTICES","SLAUGHTER, COMMERCIAL","SLAUGHTERED","LB / HEAD, LIVE BASIS","CATTLE, GE 500 LBS, SLAUGHTER, COMMERCIAL - SLAUGHTERED, MEASURED IN LB / HEAD, LIVE BASIS","TOTAL","NOT SPECIFIED","STATE","19","19","IA","IOWA","","","","","","","","00000000","","","9000","UNITED STATES","IOWA","2017","ANNUAL","00","00","YEAR","","2019-04-24 15:09:22.000"," (D)",""
"SURVEY","ANIMALS & PRODUCTS","LIVESTOCK","CATTLE","GE 500 LBS","ALL PRODUCTION PRACTICES","SLAUGHTER, COMMERCIAL","SLAUGHTERED","LB / HEAD, LIVE BASIS","CATTLE, GE 500 LBS, SLAUGHTER, COMMERCIAL - SLAUGHTERED, MEASURED IN LB / HEAD, LIVE BASIS","TOTAL","NOT SPECIFIED","STATE","19","19","IA","IOWA","","","","","","","","00000000","","","9000","UNITED STATES","IOWA","2016","ANNUAL","00","00","YEAR","","2018-04-18 15:04:27.000"," (D)",""
"SURVEY","ANIMALS & PRODUCTS","LIVESTOCK","CATTLE","GE 500 LBS","ALL PRODUCTION PRACTICES","SLAUGHTER, COMMERCIAL","SLAUGHTERED","LB / HEAD, LIVE BASIS","CATTLE, GE 500 LBS, SLAUGHTER, COMMERCIAL - SLAUGHTERED, MEASURED IN LB / HEAD, LIVE BASIS","TOTAL","NOT SPECIFIED","STATE","19","19","IA","IOWA","","","","","","","","00000000","","","9000","UNITED STATES","IOWA","2015","ANNUAL","00","00","YEAR","","2017-04-19 15:11:08.000"," (D)",""
"SURVEY","ANIMALS & PRODUCTS","LIVESTOCK","CATTLE","GE 500 LBS","ALL PRODUCTION PRACTICES","SLAUGHTER, COMMERCIAL","SLAUGHTERED","LB / HEAD, LIVE BASIS","CATTLE, GE 500 LBS, SLAUGHTER, COMMERCIAL - SLAUGHTERED, MEASURED IN LB / HEAD, LIVE BASIS","TOTAL","NOT SPECIFIED","STATE","19","19","IA","IOWA","","","","","","","","00000000","","","9000","UNITED STATES","IOWA","2014","ANNUAL","00","00","YEAR","","2016-04-20 15:48:37.000"," (D)",""
"SURVEY","ANIMALS & PRODUCTS","LIVESTOCK","CATTLE","GE 500 LBS","ALL PRODUCTION PRACTICES","SLAUGHTER, COMMERCIAL","SLAUGHTERED","LB / HEAD, LIVE BASIS","CATTLE, GE 500 LBS, SLAUGHTER, COMMERCIAL - SLAUGHTERED, MEASURED IN LB / HEAD, LIVE BASIS","TOTAL","NOT SPECIFIED","STATE","19","19","IA","IOWA","","","","","","","","00000000","","","9000","UNITED STATES","IOWA","2013","ANNUAL","00","00","YEAR","","2015-04-27 15:00:41.000"," (D)",""
"SURVEY","ANIMALS & PRODUCTS","LIVESTOCK","CATTLE","GE 500 LBS","ALL PRODUCTION PRACTICES","SLAUGHTER, COMMERCIAL","SLAUGHTERED","LB / HEAD, LIVE BASIS","CATTLE, GE 500 LBS, SLAUGHTER, COMMERCIAL - SLAUGHTERED, MEASURED IN LB / HEAD, LIVE BASIS","TOTAL","NOT SPECIFIED","STATE","19","19","IA","IOWA","","","","","","","","00000000","","","9000","UNITED STATES","IOWA","2012","ANNUAL","00","00","YEAR","","2014-04-21 15:13:12.000"," (D)",""
"SURVEY","ANIMALS & PRODUCTS","LIVESTOCK","CATTLE","GE 500 LBS","ALL PRODUCTION PRACTICES","SLAUGHTER, COMMERCIAL","SLAUGHTERED","LB / HEAD, LIVE BASIS","CATTLE, GE 500 LBS, SLAUGHTER, COMMERCIAL - SLAUGHTERED, MEASURED IN LB / HEAD, LIVE BASIS","TOTAL","NOT SPECIFIED","STATE","19","19","IA","IOWA","","","","","","","","00000000","","","9000","UNITED STATES","IOWA","2011","ANNUAL","00","00","YEAR","","2013-04-30 07:53:09.000"," (D)",""
"SURVEY","ANIMALS & PRODUCTS","LIVESTOCK","CATTLE","GE 500 LBS","ALL PRODUCTION PRACTICES","SLAUGHTER, COMMERCIAL","SLAUGHTERED","LB / HEAD, LIVE BASIS","CATTLE, GE 500 LBS, SLAUGHTER, COMMERCIAL - SLAUGHTERED, MEASURED IN LB / HEAD, LIVE BASIS","TOTAL","NOT SPECIFIED","STATE","19","19","IA","IOWA","","","","","","","","00000000","","","9000","UNITED STATES","IOWA","2010","ANNUAL","00","00","YEAR","","2012-04-24 12:58:51.000"," (D)",""
"SURVEY","ANIMALS & PRODUCTS","LIVESTOCK","CATTLE","GE 500 LBS","ALL PRODUCTION PRACTICES","SLAUGHTER, COMMERCIAL","SLAUGHTERED","LB / HEAD, LIVE BASIS","CATTLE, GE 500 LBS, SLAUGHTER, COMMERCIAL - SLAUGHTERED, MEASURED IN LB / HEAD, LIVE BASIS","TOTAL","NOT SPECIFIED","STATE","19","19","IA","IOWA","","","","","","","","00000000","","","9000","UNITED STATES","IOWA","2007","ANNUAL","00","00","YEAR","","2012-01-01 00:00:00.000","0",""
"SURVEY","ANIMALS & PRODUCTS","LIVESTOCK","CATTLE","GE 500 LBS","ALL PRODUCTION PRACTICES","SLAUGHTER, COMMERCIAL","SLAUGHTERED","LB / HEAD, LIVE BASIS","CATTLE, GE 500 LBS, SLAUGHTER, COMMERCIAL - SLAUGHTERED, MEASURED IN LB / HEAD, LIVE BASIS","TOTAL","NOT SPECIFIED","STATE","19","19","IA","IOWA","","","","","","","","00000000","","","9000","UNITED STATES","IOWA","2003","ANNUAL","00","00","YEAR","","2012-01-01 00:00:00.000","1,236",""
"SURVEY","ANIMALS & PRODUCTS","LIVESTOCK","CATTLE","GE 500 LBS","ALL PRODUCTION PRACTICES","SLAUGHTER, COMMERCIAL","SLAUGHTERED","LB / HEAD, LIVE BASIS","CATTLE, GE 500 LBS, SLAUGHTER, COMMERCIAL - SLAUGHTERED, MEASURED IN LB / HEAD, LIVE BASIS","TOTAL","NOT SPECIFIED","STATE","19","19","IA","IOWA","","","","","","","","00000000","","","9000","UNITED STATES","IOWA","2002","ANNUAL","00","00","YEAR","","2012-01-01 00:00:00.000","1,268",""
"SURVEY","ANIMALS & PRODUCTS","LIVESTOCK","CATTLE","GE 500 LBS","ALL PRODUCTION PRACTICES","SLAUGHTER, COMMERCIAL","SLAUGHTERED","LB / HEAD, LIVE BASIS","CATTLE, GE 500 LBS, SLAUGHTER, COMMERCIAL - SLAUGHTERED, MEASURED IN LB / HEAD, LIVE BASIS","TOTAL","NOT SPECIFIED","STATE","19","19","IA","IOWA","","","","","","","","00000000","","","9000","UNITED STATES","IOWA","2001","ANNUAL","00","00","YEAR","","2012-01-01 00:00:00.000","1,222",""
"SURVEY","ANIMALS & PRODUCTS","LIVESTOCK","CATTLE","GE 500 LBS","ALL PRODUCTION PRACTICES","SLAUGHTER, COMMERCIAL","SLAUGHTERED","LB / HEAD, LIVE BASIS","CATTLE, GE 500 LBS, SLAUGHTER, COMMERCIAL - SLAUGHTERED, MEASURED IN LB / HEAD, LIVE BASIS","TOTAL","NOT SPECIFIED","STATE","19","19","IA","IOWA","","","","","","","","00000000","","","9000","UNITED STATES","IOWA","2000","ANNUAL","00","00","YEAR","","2012-01-01 00:00:00.000","1,245",""
"SURVEY","ANIMALS & PRODUCTS","LIVESTOCK","CATTLE","GE 500 LBS","ALL PRODUCTION PRACTICES","SLAUGHTER, COMMERCIAL","SLAUGHTERED","LB / HEAD, LIVE BASIS","CATTLE, GE 500 LBS, SLAUGHTER, COMMERCIAL - SLAUGHTERED, MEASURED IN LB / HEAD, LIVE BASIS","TOTAL","NOT SPECIFIED","STATE","19","19","IA","IOWA","","","","","","","","00000000","","","9000","UNITED STATES","IOWA","1999","ANNUAL","00","00","YEAR","","2012-01-01 00:00:00.000","1,196",""
"SURVEY","ANIMALS & PRODUCTS","LIVESTOCK","CATTLE","GE 500 LBS","ALL PRODUCTION PRACTICES","SLAUGHTER, COMMERCIAL","SLAUGHTERED","LB / HEAD, LIVE BASIS","CATTLE, GE 500 LBS, SLAUGHTER, COMMERCIAL - SLAUGHTERED, MEASURED IN LB / HEAD, LIVE BASIS","TOTAL","NOT SPECIFIED","STATE","19","19","IA","IOWA","","","","","","","","00000000","","","9000","UNITED STATES","IOWA","1998","ANNUAL","00","00","YEAR","","2012-01-01 00:00:00.000","1,207",""
"SURVEY","ANIMALS & PRODUCTS","LIVESTOCK","CATTLE","GE 500 LBS","ALL PRODUCTION PRACTICES","SLAUGHTER, COMMERCIAL","SLAUGHTERED","LB / HEAD, LIVE BASIS","CATTLE, GE 500 LBS, SLAUGHTER, COMMERCIAL - SLAUGHTERED, MEASURED IN LB / HEAD, LIVE BASIS","TOTAL","NOT SPECIFIED","STATE","19","19","IA","IOWA","","","","","","","","00000000","","","9000","UNITED STATES","IOWA","1997","ANNUAL","00","00","YEAR","","2012-01-01 00:00:00.000","1,200",""
"SURVEY","ANIMALS & PRODUCTS","LIVESTOCK","CATTLE","GE 500 LBS","ALL PRODUCTION PRACTICES","SLAUGHTER, COMMERCIAL","SLAUGHTERED","LB, LIVE BASIS","CATTLE, GE 500 LBS, SLAUGHTER, COMMERCIAL - SLAUGHTERED, MEASURED IN LB, LIVE BASIS","TOTAL","NOT SPECIFIED","STATE","19","19","IA","IOWA","","","","","","","","00000000","","","9000","UNITED STATES","IOWA","2022","ANNUAL","00","00","YEAR","","2023-04-19 15:00:00.000","761,720,000",""
"SURVEY","ANIMALS & PRODUCTS","LIVESTOCK","CATTLE","GE 500 LBS","ALL PRODUCTION PRACTICES","SLAUGHTER, COMMERCIAL","SLAUGHTERED","LB, LIVE BASIS","CATTLE, GE 500 LBS, SLAUGHTER, COMMERCIAL - SLAUGHTERED, MEASURED IN LB, LIVE BASIS","TOTAL","NOT SPECIFIED","STATE","19","19","IA","IOWA","","","","","","","","00000000","","","9000","UNITED STATES","IOWA","2021","ANNUAL","00","00","YEAR","","2023-04-19 15:00:00.000"," (D)",""
"SURVEY","ANIMALS & PRODUCTS","LIVESTOCK","CATTLE","GE 500 LBS","ALL PRODUCTION PRACTICES","SLAUGHTER, COMMERCIAL","SLAUGHTERED","LB, LIVE BASIS","CATTLE, GE 500 LBS, SLAUGHTER, COMMERCIAL - SLAUGHTERED, MEASURED IN LB, LIVE BASIS","TOTAL","NOT SPECIFIED","STATE","19","19","IA","IOWA","","","","","","","","00000000","","","9000","UNITED STATES","IOWA","2020","ANNUAL","00","00","YEAR","","2022-04-20 16:05:09.000"," (D)",""
"SURVEY","ANIMALS & PRODUCTS","LIVESTOCK","CATTLE","GE 500 LBS","ALL PRODUCTION PRACTICES","SLAUGHTER, COMMERCIAL","SLAUGHTERED","LB, LIVE BASIS","CATTLE, GE 500 LBS, SLAUGHTER, COMMERCIAL - SLAUGHTERED, MEASURED IN LB, LIVE BASIS","TOTAL","NOT SPECIFIED","STATE","19","19","IA","IOWA","","","","","","","","00000000","","","9000","UNITED STATES","IOWA","2019","ANNUAL","00","00","YEAR","","2021-04-21 15:20:54.000"," (D)",""
"SURVEY","ANIMALS & PRODUCTS","LIVESTOCK","CATTLE","GE 500 LBS","ALL PRODUCTION PRACTICES","SLAUGHTER, COMMERCIAL","SLAUGHTERED","LB, LIVE BASIS","CATTLE, GE 500 LBS, SLAUGHTER, COMMERCIAL - SLAUGHTERED, MEASURED IN LB, LIVE BASIS","TOTAL","NOT SPECIFIED","STATE","19","19","IA","IOWA","","","","","","","","00000000","","","9000","UNITED STATES","IOWA","2018","ANNUAL","00","00","YEAR","","2020-04-22 15:10:58.000"," (D)",""
"SURVEY","ANIMALS & PRODUCTS","LIVESTOCK","CATTLE","GE 500 LBS","ALL PRODUCTION PRACTICES","SLAUGHTER, COMMERCIAL","SLAUGHTERED","LB, LIVE BASIS","CATTLE, GE 500 LBS, SLAUGHTER, COMMERCIAL - SLAUGHTERED, MEASURED IN LB, LIVE BASIS","TOTAL","NOT SPECIFIED","STATE","19","19","IA","IOWA","","","","","","","","00000000","","","9000","UNITED STATES","IOWA","2017","ANNUAL","00","00","YEAR","","2019-04-24 15:09:22.000"," (D)",""
"SURVEY","ANIMALS & PRODUCTS","LIVESTOCK","CATTLE","GE 500 LBS","ALL PRODUCTION PRACTICES","SLAUGHTER, COMMERCIAL","SLAUGHTERED","LB, LIVE BASIS","CATTLE, GE 500 LBS, SLAUGHTER, COMMERCIAL - SLAUGHTERED, MEASURED IN LB, LIVE BASIS","TOTAL","NOT SPECIFIED","STATE","19","19","IA","IOWA","","","","","","","","00000000","","","9000","UNITED STATES","IOWA","2016","ANNUAL","00","00","YEAR","","2018-04-18 15:04:27.000"," (D)",""
"SURVEY","ANIMALS & PRODUCTS","LIVESTOCK","CATTLE","GE 500 LBS","ALL PRODUCTION PRACTICES","SLAUGHTER, COMMERCIAL","SLAUGHTERED","LB, LIVE BASIS","CATTLE, GE 500 LBS, SLAUGHTER, COMMERCIAL - SLAUGHTERED, MEASURED IN LB, LIVE BASIS","TOTAL","NOT SPECIFIED","STATE","19","19","IA","IOWA","","","","","","","","00000000","","","9000","UNITED STATES","IOWA","2015","ANNUAL","00","00","YEAR","","2017-04-19 15:11:08.000"," (D)",""
"SURVEY","ANIMALS & PRODUCTS","LIVESTOCK","CATTLE","GE 500 LBS","ALL PRODUCTION PRACTICES","SLAUGHTER, COMMERCIAL","SLAUGHTERED","LB, LIVE BASIS","CATTLE, GE 500 LBS, SLAUGHTER, COMMERCIAL - SLAUGHTERED, MEASURED IN LB, LIVE BASIS","TOTAL","NOT SPECIFIED","STATE","19","19","IA","IOWA","","","","","","","","00000000","","","9000","UNITED STATES","IOWA","2014","ANNUAL","00","00","YEAR","","2016-04-20 15:48:37.000"," (D)",""
"SURVEY","ANIMALS & PRODUCTS","LIVESTOCK","CATTLE","GE 500 LBS","ALL PRODUCTION PRACTICES","SLAUGHTER, COMMERCIAL","SLAUGHTERED","LB, LIVE BASIS","CATTLE, GE 500 LBS, SLAUGHTER, COMMERCIAL - SLAUGHTERED, MEASURED IN LB, LIVE BASIS","TOTAL","NOT SPECIFIED","STATE","19","19","IA","IOWA","","","","","","","","00000000","","","9000","UNITED STATES","IOWA","2013","ANNUAL","00","00","YEAR","","2015-04-27 15:00:41.000"," (D)",""
"SURVEY","ANIMALS & PRODUCTS","LIVESTOCK","CATTLE","GE 500 LBS","ALL PRODUCTION PRACTICES","SLAUGHTER, COMMERCIAL","SLAUGHTERED","LB, LIVE BASIS","CATTLE, GE 500 LBS, SLAUGHTER, COMMERCIAL - SLAUGHTERED, MEASURED IN LB, LIVE BASIS","TOTAL","NOT SPECIFIED","STATE","19","19","IA","IOWA","","","","","","","","00000000","","","9000","UNITED STATES","IOWA","2012","ANNUAL","00","00","YEAR","","2014-04-21 15:13:12.000"," (D)",""
"SURVEY","ANIMALS & PRODUCTS","LIVESTOCK","CATTLE","GE 500 LBS","ALL PRODUCTION PRACTICES","SLAUGHTER, COMMERCIAL","SLAUGHTERED","LB, LIVE BASIS","CATTLE, GE 500 LBS, SLAUGHTER, COMMERCIAL - SLAUGHTERED, MEASURED IN LB, LIVE BASIS","TOTAL","NOT SPECIFIED","STATE","19","19","IA","IOWA","","","","","","","","00000000","","","9000","UNITED STATES","IOWA","2011","ANNUAL","00","00","YEAR","","2013-04-30 07:53:09.000"," (D)",""
"SURVEY","ANIMALS & PRODUCTS","LIVESTOCK","CATTLE","GE 500 LBS","ALL PRODUCTION PRACTICES","SLAUGHTER, COMMERCIAL","SLAUGHTERED","LB, LIVE BASIS","CATTLE, GE 500 LBS, SLAUGHTER, COMMERCIAL - SLAUGHTERED, MEASURED IN LB, LIVE BASIS","TOTAL","NOT SPECIFIED","STATE","19","19","IA","IOWA","","","","","","","","00000000","","","9000","UNITED STATES","IOWA","2010","ANNUAL","00","00","YEAR","","2012-04-24 12:58:51.000"," (D)",""
"SURVEY","ANIMALS & PRODUCTS","LIVESTOCK","CATTLE","GE 500 LBS","ALL PRODUCTION PRACTICES","SLAUGHTER, COMMERCIAL","SLAUGHTERED","LB, LIVE BASIS","CATTLE, GE 500 LBS, SLAUGHTER, COMMERCIAL - SLAUGHTERED, MEASURED IN LB, LIVE BASIS","TOTAL","NOT SPECIFIED","STATE","19","19","IA","IOWA","","","","","","","","00000000","","","9000","UNITED STATES","IOWA","2007","ANNUAL","00","00","YEAR","","2012-01-01 00:00:00.000","0",""
"SURVEY","ANIMALS & PRODUCTS","LIVESTOCK","CATTLE","GE 500 LBS","ALL PRODUCTION PRACTICES","SLAUGHTER, COMMERCIAL","SLAUGHTERED","LB, LIVE BASIS","CATTLE, GE 500 LBS, SLAUGHTER, COMMERCIAL - SLAUGHTERED, MEASURED IN LB, LIVE BASIS","TOTAL","NOT SPECIFIED","STATE","19","19","IA","IOWA","","","","","","","","00000000","","","9000","UNITED STATES","IOWA","2003","ANNUAL","00","00","YEAR","","2012-01-01 00:00:00.000","1,001,550,000",""
"SURVEY","ANIMALS & PRODUCTS","LIVESTOCK","CATTLE","GE 500 LBS","ALL PRODUCTION PRACTICES","SLAUGHTER, COMMERCIAL","SLAUGHTERED","LB, LIVE BASIS","CATTLE, GE 500 LBS, SLAUGHTER, COMMERCIAL - SLAUGHTERED, MEASURED IN LB, LIVE BASIS","TOTAL","NOT SPECIFIED","STATE","19","19","IA","IOWA","","","","","","","","00000000","","","9000","UNITED STATES","IOWA","2002","ANNUAL","00","00","YEAR","","2012-01-01 00:00:00.000","870,451,000",""
"SURVEY","ANIMALS & PRODUCTS","LIVESTOCK","CATTLE","GE 500 LBS","ALL PRODUCTION PRACTICES","SLAUGHTER, COMMERCIAL","SLAUGHTERED","LB, LIVE BASIS","CATTLE, GE 500 LBS, SLAUGHTER, COMMERCIAL - SLAUGHTERED, MEASURED IN LB, LIVE BASIS","TOTAL","NOT SPECIFIED","STATE","19","19","IA","IOWA","","","","","","","","00000000","","","9000","UNITED STATES","IOWA","2001","ANNUAL","00","00","YEAR","","2012-01-01 00:00:00.000","963,826,000",""
"SURVEY","ANIMALS & PRODUCTS","LIVESTOCK","CATTLE","GE 500 LBS","ALL PRODUCTION PRACTICES","SLAUGHTER, COMMERCIAL","SLAUGHTERED","LB, LIVE BASIS","CATTLE, GE 500 LBS, SLAUGHTER, COMMERCIAL - SLAUGHTERED, MEASURED IN LB, LIVE BASIS","TOTAL","NOT SPECIFIED","STATE","19","19","IA","IOWA","","","","","","","","00000000","","","9000","UNITED STATES","IOWA","2000","ANNUAL","00","00","YEAR","","2012-01-01 00:00:00.000","845,710,000",""
"SURVEY","ANIMALS & PRODUCTS","LIVESTOCK","CATTLE","GE 500 LBS","ALL PRODUCTION PRACTICES","SLAUGHTER, COMMERCIAL","SLAUGHTERED","LB, LIVE BASIS","CATTLE, GE 500 LBS, SLAUGHTER, COMMERCIAL - SLAUGHTERED, MEASURED IN LB, LIVE BASIS","TOTAL","NOT SPECIFIED","STATE","19","19","IA","IOWA","","","","","","","","00000000","","","9000","UNITED STATES","IOWA","1999","ANNUAL","00","00","YEAR","","2012-01-01 00:00:00.000","1,037,371,000",""
"SURVEY","ANIMALS & PRODUCTS","LIVESTOCK","CATTLE","GE 500 LBS","ALL PRODUCTION PRACTICES","SLAUGHTER, COMMERCIAL","SLAUGHTERED","LB, LIVE BASIS","CATTLE, GE 500 LBS, SLAUGHTER, COMMERCIAL - SLAUGHTERED, MEASURED IN LB, LIVE BASIS","TOTAL","NOT SPECIFIED","STATE","19","19","IA","IOWA","","","","","","","","00000000","","","9000","UNITED STATES","IOWA","1998","ANNUAL","00","00","YEAR","","2012-01-01 00:00:00.000","1,124,933,000",""
"SURVEY","ANIMALS & PRODUCTS","LIVESTOCK","CATTLE","GE 500 LBS","ALL PRODUCTION PRACTICES","SLAUGHTER, COMMERCIAL","SLAUGHTERED","LB, LIVE BASIS","CATTLE, GE 500 LBS, SLAUGHTER, COMMERCIAL - SLAUGHTERED, MEASURED IN LB, LIVE BASIS","TOTAL","NOT SPECIFIED","STATE","19","19","IA","IOWA","","","","","","","","00000000","","","9000","UNITED STATES","IOWA","1997","ANNUAL","00","00","YEAR","","2012-01-01 00:00:00.000","1,258,655,000",""
"SURVEY","ANIMALS & PRODUCTS","LIVESTOCK","CATTLE","GE 500 LBS","ALL PRODUCTION PRACTICES","SLAUGHTER, COMMERCIAL, FI","SLAUGHTERED","HEAD","CATTLE, GE 500 LBS, SLAUGHTER, COMMERCIAL, FI - SLAUGHTERED, MEASURED IN HEAD","TOTAL","NOT SPECIFIED","STATE","19","19","IA","IOWA","","","","","","","","00000000","","","9000","UNITED STATES","IOWA","2022","ANNUAL","00","00","YEAR","","2023-04-19 15:00:00.000"," (D)",""
"SURVEY","ANIMALS & PRODUCTS","LIVESTOCK","CATTLE","GE 500 LBS","ALL PRODUCTION PRACTICES","SLAUGHTER, COMMERCIAL, FI","SLAUGHTERED","HEAD","CATTLE, GE 500 LBS, SLAUGHTER, COMMERCIAL, FI - SLAUGHTERED, MEASURED IN HEAD","TOTAL","NOT SPECIFIED","STATE","19","19","IA","IOWA","","","","","","","","00000000","","","9000","UNITED STATES","IOWA","2021","ANNUAL","00","00","YEAR","","2023-04-19 15:00:00.000"," (D)",""
"SURVEY","ANIMALS & PRODUCTS","LIVESTOCK","CATTLE","GE 500 LBS","ALL PRODUCTION PRACTICES","SLAUGHTER, COMMERCIAL, FI","SLAUGHTERED","HEAD","CATTLE, GE 500 LBS, SLAUGHTER, COMMERCIAL, FI - SLAUGHTERED, MEASURED IN HEAD","TOTAL","NOT SPECIFIED","STATE","19","19","IA","IOWA","","","","","","","","00000000","","","9000","UNITED STATES","IOWA","2020","ANNUAL","00","00","YEAR","","2022-04-20 16:05:09.000"," (D)",""
"SURVEY","ANIMALS & PRODUCTS","LIVESTOCK","CATTLE","GE 500 LBS","ALL PRODUCTION PRACTICES","SLAUGHTER, COMMERCIAL, FI","SLAUGHTERED","HEAD","CATTLE, GE 500 LBS, SLAUGHTER, COMMERCIAL, FI - SLAUGHTERED, MEASURED IN HEAD","TOTAL","NOT SPECIFIED","STATE","19","19","IA","IOWA","","","","","","","","00000000","","","9000","UNITED STATES","IOWA","2019","ANNUAL","00","00","YEAR","","2021-04-21 15:20:54.000"," (D)",""
"SURVEY","ANIMALS & PRODUCTS","LIVESTOCK","CATTLE","GE 500 LBS","ALL PRODUCTION PRACTICES","SLAUGHTER, COMMERCIAL, FI","SLAUGHTERED","HEAD","CATTLE, GE 500 LBS, SLAUGHTER, COMMERCIAL, FI - SLAUGHTERED, MEASURED IN HEAD","TOTAL","NOT SPECIFIED","STATE","19","19","IA","IOWA","","","","","","","","00000000","","","9000","UNITED STATES","IOWA","2018","ANNUAL","00","00","YEAR","","2020-04-22 15:17:24.000"," (D)",""
"SURVEY","ANIMALS & PRODUCTS","LIVESTOCK","CATTLE","GE 500 LBS","ALL PRODUCTION PRACTICES","SLAUGHTER, COMMERCIAL, FI","SLAUGHTERED","HEAD","CATTLE, GE 500 LBS, SLAUGHTER, COMMERCIAL, FI - SLAUGHTERED, MEASURED IN HEAD","TOTAL","NOT SPECIFIED","STATE","19","19","IA","IOWA","","","","","","","","00000000","","","9000","UNITED STATES","IOWA","2017","ANNUAL","00","00","YEAR","","2019-04-24 15:15:56.000"," (D)",""
"SURVEY","ANIMALS & PRODUCTS","LIVESTOCK","CATTLE","GE 500 LBS","ALL PRODUCTION PRACTICES","SLAUGHTER, COMMERCIAL, FI","SLAUGHTERED","HEAD","CATTLE, GE 500 LBS, SLAUGHTER, COMMERCIAL, FI - SLAUGHTERED, MEASURED IN HEAD","TOTAL","NOT SPECIFIED","STATE","19","19","IA","IOWA","","","","","","","","00000000","","","9000","UNITED STATES","IOWA","2016","ANNUAL","00","00","YEAR","","2018-04-20 13:44:15.000"," (D)",""
"SURVEY","ANIMALS & PRODUCTS","LIVESTOCK","CATTLE","GE 500 LBS","ALL PRODUCTION PRACTICES","SLAUGHTER, COMMERCIAL, FI","SLAUGHTERED","HEAD","CATTLE, GE 500 LBS, SLAUGHTER, COMMERCIAL, FI - SLAUGHTERED, MEASURED IN HEAD","TOTAL","NOT SPECIFIED","STATE","19","19","IA","IOWA","","","","","","","","00000000","","","9000","UNITED STATES","IOWA","2015","ANNUAL","00","00","YEAR","","2017-04-19 15:14:14.000"," (D)",""
"SURVEY","ANIMALS & PRODUCTS","LIVESTOCK","CATTLE","GE 500 LBS","ALL PRODUCTION PRACTICES","SLAUGHTER, COMMERCIAL, FI","SLAUGHTERED","HEAD","CATTLE, GE 500 LBS, SLAUGHTER, COMMERCIAL, FI - SLAUGHTERED, MEASURED IN HEAD","TOTAL","NOT SPECIFIED","STATE","19","19","IA","IOWA","","","","","","","","00000000","","","9000","UNITED STATES","IOWA","2014","ANNUAL","00","00","YEAR","","2016-05-02 14:48:51.000"," (D)",""
"SURVEY","ANIMALS & PRODUCTS","LIVESTOCK","CATTLE","GE 500 LBS","ALL PRODUCTION PRACTICES","SLAUGHTER, COMMERCIAL, FI","SLAUGHTERED","HEAD","CATTLE, GE 500 LBS, SLAUGHTER, COMMERCIAL, FI - SLAUGHTERED, MEASURED IN HEAD","TOTAL","NOT SPECIFIED","STATE","19","19","IA","IOWA","","","","","","","","00000000","","","9000","UNITED STATES","IOWA","2013","ANNUAL","00","00","YEAR","","2015-04-29 09:36:41.000"," (D)",""
"SURVEY","ANIMALS & PRODUCTS","LIVESTOCK","CATTLE","GE 500 LBS","ALL PRODUCTION PRACTICES","SLAUGHTER, COMMERCIAL, FI","SLAUGHTERED","HEAD","CATTLE, GE 500 LBS, SLAUGHTER, COMMERCIAL, FI - SLAUGHTERED, MEASURED IN HEAD","TOTAL","NOT SPECIFIED","STATE","19","19","IA","IOWA","","","","","","","","00000000","","","9000","UNITED STATES","IOWA","2012","ANNUAL","00","00","YEAR","","2015-02-03 09:00:51.000"," (D)",""
"SURVEY","ANIMALS & PRODUCTS","LIVESTOCK","CATTLE","GE 500 LBS","ALL PRODUCTION PRACTICES","SLAUGHTER, COMMERCIAL, FI","SLAUGHTERED","HEAD","CATTLE, GE 500 LBS, SLAUGHTER, COMMERCIAL, FI - SLAUGHTERED, MEASURED IN HEAD","TOTAL","NOT SPECIFIED","STATE","19","19","IA","IOWA","","","","","","","","00000000","","","9000","UNITED STATES","IOWA","2011","ANNUAL","00","00","YEAR","","2015-02-03 09:00:51.000"," (D)",""
"SURVEY","ANIMALS & PRODUCTS","LIVESTOCK","CATTLE","GE 500 LBS","ALL PRODUCTION PRACTICES","SLAUGHTER, COMMERCIAL, FI","SLAUGHTERED","HEAD","CATTLE, GE 500 LBS, SLAUGHTER, COMMERCIAL, FI - SLAUGHTERED, MEASURED IN HEAD","TOTAL","NOT SPECIFIED","STATE","19","19","IA","IOWA","","","","","","","","00000000","","","9000","UNITED STATES","IOWA","2010","ANNUAL","00","00","YEAR","","2015-02-03 09:00:51.000"," (D)",""
"SURVEY","ANIMALS & PRODUCTS","LIVESTOCK","CATTLE","GE 500 LBS","ALL PRODUCTION PRACTICES","SLAUGHTER, COMMERCIAL, FI","SLAUGHTERED","HEAD","CATTLE, GE 500 LBS, SLAUGHTER, COMMERCIAL, FI - SLAUGHTERED, MEASURED IN HEAD","TOTAL","NOT SPECIFIED","STATE","19","19","IA","IOWA","","","","","","","","00000000","","","9000","UNITED STATES","IOWA","2009","ANNUAL","00","00","YEAR","","2015-02-03 09:00:51.000"," (D)",""
"SURVEY","ANIMALS & PRODUCTS","LIVESTOCK","CATTLE","GE 500 LBS","ALL PRODUCTION PRACTICES","SLAUGHTER, COMMERCIAL, FI","SLAUGHTERED","HEAD","CATTLE, GE 500 LBS, SLAUGHTER, COMMERCIAL, FI - SLAUGHTERED, MEASURED IN HEAD","TOTAL","NOT SPECIFIED","STATE","19","19","IA","IOWA","","","","","","","","00000000","","","9000","UNITED STATES","IOWA","2008","ANNUAL","00","00","YEAR","","2015-02-03 09:00:51.000"," (D)",""
"SURVEY","ANIMALS & PRODUCTS","LIVESTOCK","CATTLE","GE 500 LBS","ALL PRODUCTION PRACTICES","SLAUGHTER, COMMERCIAL, FI","SLAUGHTERED","HEAD","CATTLE, GE 500 LBS, SLAUGHTER, COMMERCIAL, FI - SLAUGHTERED, MEASURED IN HEAD","TOTAL","NOT SPECIFIED","STATE","19","19","IA","IOWA","","","","","","","","00000000","","","9000","UNITED STATES","IOWA","2003","ANNUAL","00","00","YEAR","","2012-01-01 00:00:00.000","792,300",""
"SURVEY","ANIMALS & PRODUCTS","LIVESTOCK","CATTLE","GE 500 LBS","ALL PRODUCTION PRACTICES","SLAUGHTER, COMMERCIAL, FI","SLAUGHTERED","HEAD","CATTLE, GE 500 LBS, SLAUGHTER, COMMERCIAL, FI - SLAUGHTERED, MEASURED IN HEAD","TOTAL","NOT SPECIFIED","STATE","19","19","IA","IOWA","","","","","","","","00000000","","","9000","UNITED STATES","IOWA","2002","ANNUAL","00","00","YEAR","","2012-01-01 00:00:00.000","666,800",""
"SURVEY","ANIMALS & PRODUCTS","LIVESTOCK","CATTLE","GE 500 LBS","ALL PRODUCTION PRACTICES","SLAUGHTER, COMMERCIAL, FI","SLAUGHTERED","HEAD","CATTLE, GE 500 LBS, SLAUGHTER, COMMERCIAL, FI - SLAUGHTERED, MEASURED IN HEAD","TOTAL","NOT SPECIFIED","STATE","19","19","IA","IOWA","","","","","","","","00000000","","","9000","UNITED STATES","IOWA","2001","ANNUAL","00","00","YEAR","","2012-01-01 00:00:00.000","767,700",""
"SURVEY","ANIMALS & PRODUCTS","LIVESTOCK","CATTLE","GE 500 LBS","ALL PRODUCTION PRACTICES","SLAUGHTER, COMMERCIAL, FI","SLAUGHTERED","HEAD","CATTLE, GE 500 LBS, SLAUGHTER, COMMERCIAL, FI - SLAUGHTERED, MEASURED IN HEAD","TOTAL","NOT SPECIFIED","STATE","19","19","IA","IOWA","","","","","","","","00000000","","","9000","UNITED STATES","IOWA","2000","ANNUAL","00","00","YEAR","","2012-01-01 00:00:00.000","661,000",""
"SURVEY","ANIMALS & PRODUCTS","LIVESTOCK","CATTLE","GE 500 LBS","ALL PRODUCTION PRACTICES","SLAUGHTER, COMMERCIAL, FI","SLAUGHTERED","HEAD","CATTLE, GE 500 LBS, SLAUGHTER, COMMERCIAL, FI - SLAUGHTERED, MEASURED IN HEAD","TOTAL","NOT SPECIFIED","STATE","19","19","IA","IOWA","","","","","","","","00000000","","","9000","UNITED STATES","IOWA","1999","ANNUAL","00","00","YEAR","","2012-01-01 00:00:00.000","848,800",""
"SURVEY","ANIMALS & PRODUCTS","LIVESTOCK","CATTLE","GE 500 LBS","ALL PRODUCTION PRACTICES","SLAUGHTER, COMMERCIAL, FI","SLAUGHTERED","HEAD","CATTLE, GE 500 LBS, SLAUGHTER, COMMERCIAL, FI - SLAUGHTERED, MEASURED IN HEAD","TOTAL","NOT SPECIFIED","STATE","19","19","IA","IOWA","","","","","","","","00000000","","","9000","UNITED STATES","IOWA","1998","ANNUAL","00","00","YEAR","","2012-01-01 00:00:00.000","916,900",""
"SURVEY","ANIMALS & PRODUCTS","LIVESTOCK","CATTLE","GE 500 LBS","ALL PRODUCTION PRACTICES","SLAUGHTER, COMMERCIAL, FI","SLAUGHTERED","HEAD","CATTLE, GE 500 LBS, SLAUGHTER, COMMERCIAL, FI - SLAUGHTERED, MEASURED IN HEAD","TOTAL","NOT SPECIFIED","STATE","19","19","IA","IOWA","","","","","","","","00000000","","","9000","UNITED STATES","IOWA","1997","ANNUAL","00","00","YEAR","","2012-01-01 00:00:00.000","1,028,800",""
"SURVEY","ANIMALS & PRODUCTS","LIVESTOCK","CATTLE","HEIFERS","ALL PRODUCTION PRACTICES","SLAUGHTER, COMMERCIAL, FI","SLAUGHTERED","HEAD","CATTLE, HEIFERS, SLAUGHTER, COMMERCIAL, FI - SLAUGHTERED, MEASURED IN HEAD","TOTAL","NOT SPECIFIED","STATE","19","19","IA","IOWA","","","","","","","","00000000","","","9000","UNITED STATES","IOWA","2003","ANNUAL","00","00","YEAR","","2012-01-01 00:00:00.000","298,600",""
"SURVEY","ANIMALS & PRODUCTS","LIVESTOCK","CATTLE","HEIFERS","ALL PRODUCTION PRACTICES","SLAUGHTER, COMMERCIAL, FI","SLAUGHTERED","HEAD","CATTLE, HEIFERS, SLAUGHTER, COMMERCIAL, FI - SLAUGHTERED, MEASURED IN HEAD","TOTAL","NOT SPECIFIED","STATE","19","19","IA","IOWA","","","","","","","","00000000","","","9000","UNITED STATES","IOWA","2002","ANNUAL","00","00","YEAR","","2012-01-01 00:00:00.000","290,500",""
"SURVEY","ANIMALS & PRODUCTS","LIVESTOCK","CATTLE","HEIFERS","ALL PRODUCTION PRACTICES","SLAUGHTER, COMMERCIAL, FI","SLAUGHTERED","HEAD","CATTLE, HEIFERS, SLAUGHTER, COMMERCIAL, FI - SLAUGHTERED, MEASURED IN HEAD","TOTAL","NOT SPECIFIED","STATE","19","19","IA","IOWA","","","","","","","","00000000","","","9000","UNITED STATES","IOWA","2001","ANNUAL","00","00","YEAR","","2012-01-01 00:00:00.000","283,900",""
"SURVEY","ANIMALS & PRODUCTS","LIVESTOCK","CATTLE","HEIFERS","ALL PRODUCTION PRACTICES","SLAUGHTER, COMMERCIAL, FI","SLAUGHTERED","HEAD","CATTLE, HEIFERS, SLAUGHTER, COMMERCIAL, FI - SLAUGHTERED, MEASURED IN HEAD","TOTAL","NOT SPECIFIED","STATE","19","19","IA","IOWA","","","","","","","","00000000","","","9000","UNITED STATES","IOWA","2000","ANNUAL","00","00","YEAR","","2012-01-01 00:00:00.000","276,500",""
"SURVEY","ANIMALS & PRODUCTS","LIVESTOCK","CATTLE","HEIFERS","ALL PRODUCTION PRACTICES","SLAUGHTER, COMMERCIAL, FI","SLAUGHTERED","HEAD","CATTLE, HEIFERS, SLAUGHTER, COMMERCIAL, FI - SLAUGHTERED, MEASURED IN HEAD","TOTAL","NOT SPECIFIED","STATE","19","19","IA","IOWA","","","","","","","","00000000","","","9000","UNITED STATES","IOWA","1999","ANNUAL","00","00","YEAR","","2012-01-01 00:00:00.000","284,000",""
"SURVEY","ANIMALS & PRODUCTS","LIVESTOCK","CATTLE","HEIFERS","ALL PRODUCTION PRACTICES","SLAUGHTER, COMMERCIAL, FI","SLAUGHTERED","HEAD","CATTLE, HEIFERS, SLAUGHTER, COMMERCIAL, FI - SLAUGHTERED, MEASURED IN HEAD","TOTAL","NOT SPECIFIED","STATE","19","19","IA","IOWA","","","","","","","","00000000","","","9000","UNITED STATES","IOWA","1998","ANNUAL","00","00","YEAR","","2012-01-01 00:00:00.000","285,800",""
"SURVEY","ANIMALS & PRODUCTS","LIVESTOCK","CATTLE","HEIFERS","ALL PRODUCTION PRACTICES","SLAUGHTER, COMMERCIAL, FI","SLAUGHTERED","HEAD","CATTLE, HEIFERS, SLAUGHTER, COMMERCIAL, FI - SLAUGHTERED, MEASURED IN HEAD","TOTAL","NOT SPECIFIED","STATE","19","19","IA","IOWA","","","","","","","","00000000","","","9000","UNITED STATES","IOWA","1997","ANNUAL","00","00","YEAR","","2012-01-01 00:00:00.000","277,400",""
"SURVEY","ANIMALS & PRODUCTS","LIVESTOCK","CATTLE","INCL CALVES","ALL PRODUCTION PRACTICES","SLAUGHTER, ON FARM","SLAUGHTERED","HEAD","CATTLE, INCL CALVES, SLAUGHTER, ON FARM - SLAUGHTERED, MEASURED IN HEAD","TOTAL","NOT SPECIFIED","STATE","19","19","IA","IOWA","","","","","","","","00000000","","","9000","UNITED STATES","IOWA","2022","ANNUAL","00","00","YEAR","","2023-04-27 15:00:00.000","1,500",""
"SURVEY","ANIMALS & PRODUCTS","LIVESTOCK","CATTLE","INCL CALVES","ALL PRODUCTION PRACTICES","SLAUGHTER, ON FARM","SLAUGHTERED","HEAD","CATTLE, INCL CALVES, SLAUGHTER, ON FARM - SLAUGHTERED, MEASURED IN HEAD","TOTAL","NOT SPECIFIED","STATE","19","19","IA","IOWA","","","","","","","","00000000","","","9000","UNITED STATES","IOWA","2021","ANNUAL","00","00","YEAR","","2023-04-27 15:00:00.000","2,000",""
"SURVEY","ANIMALS & PRODUCTS","LIVESTOCK","CATTLE","INCL CALVES","ALL PRODUCTION PRACTICES","SLAUGHTER, ON FARM","SLAUGHTERED","HEAD","CATTLE, INCL CALVES, SLAUGHTER, ON FARM - SLAUGHTERED, MEASURED IN HEAD","TOTAL","NOT SPECIFIED","STATE","19","19","IA","IOWA","","","","","","","","00000000","","","9000","UNITED STATES","IOWA","2020","ANNUAL","00","00","YEAR","","2022-04-28 15:12:39.000","2,500",""
"SURVEY","ANIMALS & PRODUCTS","LIVESTOCK","CATTLE","INCL CALVES","ALL PRODUCTION PRACTICES","SLAUGHTER, ON FARM","SLAUGHTERED","HEAD","CATTLE, INCL CALVES, SLAUGHTER, ON FARM - SLAUGHTERED, MEASURED IN HEAD","TOTAL","NOT SPECIFIED","STATE","19","19","IA","IOWA","","","","","","","","00000000","","","9000","UNITED STATES","IOWA","2019","ANNUAL","00","00","YEAR","","2021-04-29 15:04:26.000","2,500",""
"SURVEY","ANIMALS & PRODUCTS","LIVESTOCK","CATTLE","INCL CALVES","ALL PRODUCTION PRACTICES","SLAUGHTER, ON FARM","SLAUGHTERED","HEAD","CATTLE, INCL CALVES, SLAUGHTER, ON FARM - SLAUGHTERED, MEASURED IN HEAD","TOTAL","NOT SPECIFIED","STATE","19","19","IA","IOWA","","","","","","","","00000000","","","9000","UNITED STATES","IOWA","2018","ANNUAL","00","00","YEAR","","2020-04-30 15:08:01.000","2,000",""
"SURVEY","ANIMALS & PRODUCTS","LIVESTOCK","CATTLE","INCL CALVES","ALL PRODUCTION PRACTICES","SLAUGHTER, ON FARM","SLAUGHTERED","HEAD","CATTLE, INCL CALVES, SLAUGHTER, ON FARM - SLAUGHTERED, MEASURED IN HEAD","TOTAL","NOT SPECIFIED","STATE","19","19","IA","IOWA","","","","","","","","00000000","","","9000","UNITED STATES","IOWA","2017","ANNUAL","00","00","YEAR","","2019-05-30 15:03:21.000","2,000",""
"SURVEY","ANIMALS & PRODUCTS","LIVESTOCK","CATTLE","INCL CALVES","ALL PRODUCTION PRACTICES","SLAUGHTER, ON FARM","SLAUGHTERED","HEAD","CATTLE, INCL CALVES, SLAUGHTER, ON FARM - SLAUGHTERED, MEASURED IN HEAD","TOTAL","NOT SPECIFIED","STATE","19","19","IA","IOWA","","","","","","","","00000000","","","9000","UNITED STATES","IOWA","2016","ANNUAL","00","00","YEAR","","2019-05-30 15:03:21.000","1,500",""
"SURVEY","ANIMALS & PRODUCTS","LIVESTOCK","CATTLE","INCL CALVES","ALL PRODUCTION PRACTICES","SLAUGHTER, ON FARM","SLAUGHTERED","HEAD","CATTLE, INCL CALVES, SLAUGHTER, ON FARM - SLAUGHTERED, MEASURED IN HEAD","TOTAL","NOT SPECIFIED","STATE","19","19","IA","IOWA","","","","","","","","00000000","","","9000","UNITED STATES","IOWA","2015","ANNUAL","00","00","YEAR","","2019-05-30 15:03:21.000","2,000",""
"SURVEY","ANIMALS & PRODUCTS","LIVESTOCK","CATTLE","INCL CALVES","ALL PRODUCTION PRACTICES","SLAUGHTER, ON FARM","SLAUGHTERED","HEAD","CATTLE, INCL CALVES, SLAUGHTER, ON FARM - SLAUGHTERED, MEASURED IN HEAD","TOTAL","NOT SPECIFIED","STATE","19","19","IA","IOWA","","","","","","","","00000000","","","9000","UNITED STATES","IOWA","2014","ANNUAL","00","00","YEAR","","2019-05-30 15:03:21.000","2,500",""
"SURVEY","ANIMALS & PRODUCTS","LIVESTOCK","CATTLE","INCL CALVES","ALL PRODUCTION PRACTICES","SLAUGHTER, ON FARM","SLAUGHTERED","HEAD","CATTLE, INCL CALVES, SLAUGHTER, ON FARM - SLAUGHTERED, MEASURED IN HEAD","TOTAL","NOT SPECIFIED","STATE","19","19","IA","IOWA","","","","","","","","00000000","","","9000","UNITED STATES","IOWA","2013","ANNUAL","00","00","YEAR","","2019-05-30 15:03:21.000","2,000",""
"SURVEY","ANIMALS & PRODUCTS","LIVESTOCK","CATTLE","INCL CALVES","ALL PRODUCTION PRACTICES","SLAUGHTER, ON FARM","SLAUGHTERED","HEAD","CATTLE, INCL CALVES, SLAUGHTER, ON FARM - SLAUGHTERED, MEASURED IN HEAD","TOTAL","NOT SPECIFIED","STATE","19","19","IA","IOWA","","","","","","","","00000000","","","9000","UNITED STATES","IOWA","2012","ANNUAL","00","00","YEAR","","2014-10-29 15:18:36.000","2,000",""
"SURVEY","ANIMALS & PRODUCTS","LIVESTOCK","CATTLE","INCL CALVES","ALL PRODUCTION PRACTICES","SLAUGHTER, ON FARM","SLAUGHTERED","HEAD","CATTLE, INCL CALVES, SLAUGHTER, ON FARM - SLAUGHTERED, MEASURED IN HEAD","TOTAL","NOT SPECIFIED","STATE","19","19","IA","IOWA","","","","","","","","00000000","","","9000","UNITED STATES","IOWA","2011","ANNUAL","00","00","YEAR","","2014-10-29 15:18:36.000","2,000",""
"SURVEY","ANIMALS & PRODUCTS","LIVESTOCK","CATTLE","INCL CALVES","ALL PRODUCTION PRACTICES","SLAUGHTER, ON FARM","SLAUGHTERED","HEAD","CATTLE, INCL CALVES, SLAUGHTER, ON FARM - SLAUGHTERED, MEASURED IN HEAD","TOTAL","NOT SPECIFIED","STATE","19","19","IA","IOWA","","","","","","","","00000000","","","9000","UNITED STATES","IOWA","2010","ANNUAL","00","00","YEAR","","2014-10-29 15:18:36.000","2,000",""
"SURVEY","ANIMALS & PRODUCTS","LIVESTOCK","CATTLE","INCL CALVES","ALL PRODUCTION PRACTICES","SLAUGHTER, ON FARM","SLAUGHTERED","HEAD","CATTLE, INCL CALVES, SLAUGHTER, ON FARM - SLAUGHTERED, MEASURED IN HEAD","TOTAL","NOT SPECIFIED","STATE","19","19","IA","IOWA","","","","","","","","00000000","","","9000","UNITED STATES","IOWA","2009","ANNUAL","00","00","YEAR","","2014-10-29 15:18:36.000","3,000",""
"SURVEY","ANIMALS & PRODUCTS","LIVESTOCK","CATTLE","INCL CALVES","ALL PRODUCTION PRACTICES","SLAUGHTER, ON FARM","SLAUGHTERED","HEAD","CATTLE, INCL CALVES, SLAUGHTER, ON FARM - SLAUGHTERED, MEASURED IN HEAD","TOTAL","NOT SPECIFIED","STATE","19","19","IA","IOWA","","","","","","","","00000000","","","9000","UNITED STATES","IOWA","2008","ANNUAL","00","00","YEAR","","2014-10-29 15:18:36.000","4,000",""
"SURVEY","ANIMALS & PRODUCTS","LIVESTOCK","CATTLE","INCL CALVES","ALL PRODUCTION PRACTICES","SLAUGHTER, ON FARM","SLAUGHTERED","HEAD","CATTLE, INCL CALVES, SLAUGHTER, ON FARM - SLAUGHTERED, MEASURED IN HEAD","TOTAL","NOT SPECIFIED","STATE","19","19","IA","IOWA","","","","","","","","00000000","","","9000","UNITED STATES","IOWA","2007","ANNUAL","00","00","YEAR","","2012-01-01 00:00:00.000","4,000",""
"SURVEY","ANIMALS & PRODUCTS","LIVESTOCK","CATTLE","INCL CALVES","ALL PRODUCTION PRACTICES","SLAUGHTER, ON FARM","SLAUGHTERED","HEAD","CATTLE, INCL CALVES, SLAUGHTER, ON FARM - SLAUGHTERED, MEASURED IN HEAD","TOTAL","NOT SPECIFIED","STATE","19","19","IA","IOWA","","","","","","","","00000000","","","9000","UNITED STATES","IOWA","2006","ANNUAL","00","00","YEAR","","2012-01-01 00:00:00.000","4,000",""
"SURVEY","ANIMALS & PRODUCTS","LIVESTOCK","CATTLE","INCL CALVES","ALL PRODUCTION PRACTICES","SLAUGHTER, ON FARM","SLAUGHTERED","HEAD","CATTLE, INCL CALVES, SLAUGHTER, ON FARM - SLAUGHTERED, MEASURED IN HEAD","TOTAL","NOT SPECIFIED","STATE","19","19","IA","IOWA","","","","","","","","00000000","","","9000","UNITED STATES","IOWA","2005","ANNUAL","00","00","YEAR","","2012-01-01 00:00:00.000","4,000",""
"SURVEY","ANIMALS & PRODUCTS","LIVESTOCK","CATTLE","INCL CALVES","ALL PRODUCTION PRACTICES","SLAUGHTER, ON FARM","SLAUGHTERED","HEAD","CATTLE, INCL CALVES, SLAUGHTER, ON FARM - SLAUGHTERED, MEASURED IN HEAD","TOTAL","NOT SPECIFIED","STATE","19","19","IA","IOWA","","","","","","","","00000000","","","9000","UNITED STATES","IOWA","2004","ANNUAL","00","00","YEAR","","2012-01-01 00:00:00.000","4,000",""
"SURVEY","ANIMALS & PRODUCTS","LIVESTOCK","CATTLE","INCL CALVES","ALL PRODUCTION PRACTICES","SLAUGHTER, ON FARM","SLAUGHTERED","HEAD","CATTLE, INCL CALVES, SLAUGHTER, ON FARM - SLAUGHTERED, MEASURED IN HEAD","TOTAL","NOT SPECIFIED","STATE","19","19","IA","IOWA","","","","","","","","00000000","","","9000","UNITED STATES","IOWA","2003","ANNUAL","00","00","YEAR","","2012-01-01 00:00:00.000","4,000",""
"SURVEY","ANIMALS & PRODUCTS","LIVESTOCK","CATTLE","INCL CALVES","ALL PRODUCTION PRACTICES","SLAUGHTER, ON FARM","SLAUGHTERED","HEAD","CATTLE, INCL CALVES, SLAUGHTER, ON FARM - SLAUGHTERED, MEASURED IN HEAD","TOTAL","NOT SPECIFIED","STATE","19","19","IA","IOWA","","","","","","","","00000000","","","9000","UNITED STATES","IOWA","2002","ANNUAL","00","00","YEAR","","2012-01-01 00:00:00.000","4,000",""
"SURVEY","ANIMALS & PRODUCTS","LIVESTOCK","CATTLE","INCL CALVES","ALL PRODUCTION PRACTICES","SLAUGHTER, ON FARM","SLAUGHTERED","HEAD","CATTLE, INCL CALVES, SLAUGHTER, ON FARM - SLAUGHTERED, MEASURED IN HEAD","TOTAL","NOT SPECIFIED","STATE","19","19","IA","IOWA","","","","","","","","00000000","","","9000","UNITED STATES","IOWA","2001","ANNUAL","00","00","YEAR","","2012-01-01 00:00:00.000","4,000",""
"SURVEY","ANIMALS & PRODUCTS","LIVESTOCK","CATTLE","INCL CALVES","ALL PRODUCTION PRACTICES","SLAUGHTER, ON FARM","SLAUGHTERED","HEAD","CATTLE, INCL CALVES, SLAUGHTER, ON FARM - SLAUGHTERED, MEASURED IN HEAD","TOTAL","NOT SPECIFIED","STATE","19","19","IA","IOWA","","","","","","","","00000000","","","9000","UNITED STATES","IOWA","2000","ANNUAL","00","00","YEAR","","2012-01-01 00:00:00.000","4,000",""
"SURVEY","ANIMALS & PRODUCTS","LIVESTOCK","CATTLE","INCL CALVES","ALL PRODUCTION PRACTICES","SLAUGHTER, ON FARM","SLAUGHTERED","HEAD","CATTLE, INCL CALVES, SLAUGHTER, ON FARM - SLAUGHTERED, MEASURED IN HEAD","TOTAL","NOT SPECIFIED","STATE","19","19","IA","IOWA","","","","","","","","00000000","","","9000","UNITED STATES","IOWA","1999","ANNUAL","00","00","YEAR","","2012-01-01 00:00:00.000","4,000",""
"SURVEY","ANIMALS & PRODUCTS","LIVESTOCK","CATTLE","INCL CALVES","ALL PRODUCTION PRACTICES","SLAUGHTER, ON FARM","SLAUGHTERED","HEAD","CATTLE, INCL CALVES, SLAUGHTER, ON FARM - SLAUGHTERED, MEASURED IN HEAD","TOTAL","NOT SPECIFIED","STATE","19","19","IA","IOWA","","","","","","","","00000000","","","9000","UNITED STATES","IOWA","1998","ANNUAL","00","00","YEAR","","2012-01-01 00:00:00.000","5,000",""
"SURVEY","ANIMALS & PRODUCTS","LIVESTOCK","CATTLE","INCL CALVES","ALL PRODUCTION PRACTICES","SLAUGHTER, ON FARM","SLAUGHTERED","HEAD","CATTLE, INCL CALVES, SLAUGHTER, ON FARM - SLAUGHTERED, MEASURED IN HEAD","TOTAL","NOT SPECIFIED","STATE","19","19","IA","IOWA","","","","","","","","00000000","","","9000","UNITED STATES","IOWA","1997","ANNUAL","00","00","YEAR","","2012-01-01 00:00:00.000","5,000",""
"SURVEY","ANIMALS & PRODUCTS","LIVESTOCK","CATTLE","STEERS","ALL PRODUCTION PRACTICES","SLAUGHTER, COMMERCIAL, FI","SLAUGHTERED","HEAD","CATTLE, STEERS, SLAUGHTER, COMMERCIAL, FI - SLAUGHTERED, MEASURED IN HEAD","TOTAL","NOT SPECIFIED","STATE","19","19","IA","IOWA","","","","","","","","00000000","","","9000","UNITED STATES","IOWA","2003","ANNUAL","00","00","YEAR","","2012-01-01 00:00:00.000","427,000",""
"SURVEY","ANIMALS & PRODUCTS","LIVESTOCK","CATTLE","STEERS","ALL PRODUCTION PRACTICES","SLAUGHTER, COMMERCIAL, FI","SLAUGHTERED","HEAD","CATTLE, STEERS, SLAUGHTER, COMMERCIAL, FI - SLAUGHTERED, MEASURED IN HEAD","TOTAL","NOT SPECIFIED","STATE","19","19","IA","IOWA","","","","","","","","00000000","","","9000","UNITED STATES","IOWA","2002","ANNUAL","00","00","YEAR","","2012-01-01 00:00:00.000","374,200",""
"SURVEY","ANIMALS & PRODUCTS","LIVESTOCK","CATTLE","STEERS","ALL PRODUCTION PRACTICES","SLAUGHTER, COMMERCIAL, FI","SLAUGHTERED","HEAD","CATTLE, STEERS, SLAUGHTER, COMMERCIAL, FI - SLAUGHTERED, MEASURED IN HEAD","TOTAL","NOT SPECIFIED","STATE","19","19","IA","IOWA","","","","","","","","00000000","","","9000","UNITED STATES","IOWA","2001","ANNUAL","00","00","YEAR","","2012-01-01 00:00:00.000","380,000",""
"SURVEY","ANIMALS & PRODUCTS","LIVESTOCK","CATTLE","STEERS","ALL PRODUCTION PRACTICES","SLAUGHTER, COMMERCIAL, FI","SLAUGHTERED","HEAD","CATTLE, STEERS, SLAUGHTER, COMMERCIAL, FI - SLAUGHTERED, MEASURED IN HEAD","TOTAL","NOT SPECIFIED","STATE","19","19","IA","IOWA","","","","","","","","00000000","","","9000","UNITED STATES","IOWA","2000","ANNUAL","00","00","YEAR","","2012-01-01 00:00:00.000","352,400",""
"SURVEY","ANIMALS & PRODUCTS","LIVESTOCK","CATTLE","STEERS","ALL PRODUCTION PRACTICES","SLAUGHTER, COMMERCIAL, FI","SLAUGHTERED","HEAD","CATTLE, STEERS, SLAUGHTER, COMMERCIAL, FI - SLAUGHTERED, MEASURED IN HEAD","TOTAL","NOT SPECIFIED","STATE","19","19","IA","IOWA","","","","","","","","00000000","","","9000","UNITED STATES","IOWA","1999","ANNUAL","00","00","YEAR","","2012-01-01 00:00:00.000","324,700",""
"SURVEY","ANIMALS & PRODUCTS","LIVESTOCK","CATTLE","STEERS","ALL PRODUCTION PRACTICES","SLAUGHTER, COMMERCIAL, FI","SLAUGHTERED","HEAD","CATTLE, STEERS, SLAUGHTER, COMMERCIAL, FI - SLAUGHTERED, MEASURED IN HEAD","TOTAL","NOT SPECIFIED","STATE","19","19","IA","IOWA","","","","","","","","00000000","","","9000","UNITED STATES","IOWA","1998","ANNUAL","00","00","YEAR","","2012-01-01 00:00:00.000","361,600",""
"SURVEY","ANIMALS & PRODUCTS","LIVESTOCK","CATTLE","STEERS","ALL PRODUCTION PRACTICES","SLAUGHTER, COMMERCIAL, FI","SLAUGHTERED","HEAD","CATTLE, STEERS, SLAUGHTER, COMMERCIAL, FI - SLAUGHTERED, MEASURED IN HEAD","TOTAL","NOT SPECIFIED","STATE","19","19","IA","IOWA","","","","","","","","00000000","","","9000","UNITED STATES","IOWA","1997","ANNUAL","00","00","YEAR","","2012-01-01 00:00:00.000","439,800",""
