"source_desc","sector_desc","group_desc","commodity_desc","class_desc","prodn_practice_desc","util_practice_desc","statisticcat_desc","unit_desc","short_desc","domain_desc","domaincat_desc","agg_level_desc","state_ansi","state_fips_code","state_alpha","state_name","asd_code","asd_desc","county_ansi","county_code","county_name","region_desc","zip_5","watershed_code","watershed_desc","congr_district_code","country_code","country_name","location_desc","year","freq_desc","begin_code","end_code","reference_period_desc","week_ending","load_time","Value","CV (%)"
"SURVEY","ANIMALS & PRODUCTS","LIVESTOCK","HOGS","ALL CLASSES","ALL PRODUCTION PRACTICES","SLAUGHTER, COMMERCIAL","SLAUGHTERED","HEAD","HOGS, SLAUGHTER, COMMERCIAL - SLAUGHTERED, MEASURED IN HEAD","TOTAL","NOT SPECIFIED","STATE","19","19","IA","IOWA","","","","","","","","00000000","","","9000","UNITED STATES","IOWA","2022","ANNUAL","00","00","YEAR","","2023-04-19 15:00:00.000","38,204,300",""
"SURVEY","ANIMALS & PRODUCTS","LIVESTOCK","HOGS","ALL CLASSES","ALL PRODUCTION PRACTICES","SLAUGHTER, COMMERCIAL","SLAUGHTERED","HEAD","HOGS, SLAUGHTER, COMMERCIAL - SLAUGHTERED, MEASURED IN HEAD","TOTAL","NOT SPECIFIED","STATE","19","19","IA","IOWA","","","","","","","","00000000","","","9000","UNITED STATES","IOWA","2021","ANNUAL","00","00","YEAR","","2023-04-19 15:00:00.000","39,258,200",""
"SURVEY","ANIMALS & PRODUCTS","LIVESTOCK","HOGS","ALL CLASSES","ALL PRODUCTION PRACTICES","SLAUGHTER, COMMERCIAL","SLAUGHTERED","HEAD","HOGS, SLAUGHTER, COMMERCIAL - SLAUGHTERED, MEASURED IN HEAD","TOTAL","NOT SPECIFIED","STATE","19","19","IA","IOWA","","","","","","","","00000000","","","9000","UNITED STATES","IOWA","2020","ANNUAL","00","00","YEAR","","2022-04-20 16:05:09.000","40,346,700",""
"SURVEY","ANIMALS & PRODUCTS","LIVESTOCK","HOGS","ALL CLASSES","ALL PRODUCTION PRACTICES","SLAUGHTER, COMMERCIAL","SLAUGHTERED","HEAD","HOGS, SLAUGHTER, COMMERCIAL - SLAUGHTERED, MEASURED IN HEAD","TOTAL","NOT SPECIFIED","STATE","19","19","IA","IOWA","","","","","","","","00000000","","","9000","UNITED STATES","IOWA","2019","ANNUAL","00","00","YEAR","","2021-04-21 15:20:54.000","39,115,600",""
"SURVEY","ANIMALS & PRODUCTS","LIVESTOCK","HOGS","ALL CLASSES","ALL PRODUCTION PRACTICES","SLAUGHTER, COMMERCIAL","SLAUGHTERED","HEAD","HOGS, SLAUGHTER, COMMERCIAL - SLAUGHTERED, MEASURED IN HEAD","TOTAL","NOT SPECIFIED","STATE","19","19","IA","IOWA","","","","","","","","00000000","","","9000","UNITED STATES","IOWA","2018","ANNUAL","00","00","YEAR","","2020-04-22 15:10:58.000","35,033,500",""
"SURVEY","ANIMALS & PRODUCTS","LIVESTOCK","HOGS","ALL CLASSES","ALL PRODUCTION PRACTICES","SLAUGHTER, COMMERCIAL","SLAUGHTERED","HEAD","HOGS, SLAUGHTER, COMMERCIAL - SLAUGHTERED, MEASURED IN HEAD","TOTAL","NOT SPECIFIED","STATE","19","19","IA","IOWA","","","","","","","","00000000","","","9000","UNITED STATES","IOWA","2017","ANNUAL","00","00","YEAR","","2019-04-24 15:09:22.000","32,917,200",""
"SURVEY","ANIMALS & PRODUCTS","LIVESTOCK","HOGS","ALL CLASSES","ALL PRODUCTION PRACTICES","SLAUGHTER, COMMERCIAL","SLAUGHTERED","HEAD","HOGS, SLAUGHTER, COMMERCIAL - SLAUGHTERED, MEASURED IN HEAD","TOTAL","NOT SPECIFIED","STATE","19","19","IA","IOWA","","","","","","","","00000000","","","9000","UNITED STATES","IOWA","2016","ANNUAL","00","00","YEAR","","2018-04-18 15:04:27.000","32,240,300",""
"SURVEY","ANIMALS & PRODUCTS","LIVESTOCK","HOGS","ALL CLASSES","ALL PRODUCTION PRACTICES","SLAUGHTER, COMMERCIAL","SLAUGHTERED","HEAD","HOGS, SLAUGHTER, COMMERCIAL - SLAUGHTERED, MEASURED IN HEAD","TOTAL","NOT SPECIFIED","STATE","19","19","IA","IOWA","","","","","","","","00000000","","","9000","UNITED STATES","IOWA","2015","ANNUAL","00","00","YEAR","","2017-04-19 15:11:08.000","31,102,300",""
"SURVEY","ANIMALS & PRODUCTS","LIVESTOCK","HOGS","ALL CLASSES","ALL PRODUCTION PRACTICES","SLAUGHTER, COMMERCIAL","SLAUGHTERED","HEAD","HOGS, SLAUGHTER, COMMERCIAL - SLAUGHTERED, MEASURED IN HEAD","TOTAL","NOT SPECIFIED","STATE","19","19","IA","IOWA","","","","","","","","00000000","","","9000","UNITED STATES","IOWA","2014","ANNUAL","00","00","YEAR","","2016-04-20 15:48:37.000","28,644,700",""
"SURVEY","ANIMALS & PRODUCTS","LIVESTOCK","HOGS","ALL CLASSES","ALL PRODUCTION PRACTICES","SLAUGHTER, COMMERCIAL","SLAUGHTERED","HEAD","HOGS, SLAUGHTER, COMMERCIAL - SLAUGHTERED, MEASURED IN HEAD","TOTAL","NOT SPECIFIED","STATE","19","19","IA","IOWA","","","","","","","","00000000","","","9000","UNITED STATES","IOWA","2013","ANNUAL","00","00","YEAR","","2015-04-27 15:00:41.000","29,593,700",""
"SURVEY","ANIMALS & PRODUCTS","LIVESTOCK","HOGS","ALL CLASSES","ALL PRODUCTION PRACTICES","SLAUGHTER, COMMERCIAL","SLAUGHTERED","HEAD","HOGS, SLAUGHTER, COMMERCIAL - SLAUGHTERED, MEASURED IN HEAD","TOTAL","NOT SPECIFIED","STATE","19","19","IA","IOWA","","","","","","","","00000000","","","9000","UNITED STATES","IOWA","2012","ANNUAL","00","00","YEAR","","2014-04-21 15:13:12.000","30,158,500",""
"SURVEY","ANIMALS & PRODUCTS","LIVESTOCK","HOGS","ALL CLASSES","ALL PRODUCTION PRACTICES","SLAUGHTER, COMMERCIAL","SLAUGHTERED","HEAD","HOGS, SLAUGHTER, COMMERCIAL - SLAUGHTERED, MEASURED IN HEAD","TOTAL","NOT SPECIFIED","STATE","19","19","IA","IOWA","","","","","","","","00000000","","","9000","UNITED STATES","IOWA","2011","ANNUAL","00","00","YEAR","","2013-04-30 07:53:09.000","29,743,800",""
"SURVEY","ANIMALS & PRODUCTS","LIVESTOCK","HOGS","ALL CLASSES","ALL PRODUCTION PRACTICES","SLAUGHTER, COMMERCIAL","SLAUGHTERED","HEAD","HOGS, SLAUGHTER, COMMERCIAL - SLAUGHTERED, MEASURED IN HEAD","TOTAL","NOT SPECIFIED","STATE","19","19","IA","IOWA","","","","","","","","00000000","","","9000","UNITED STATES","IOWA","2010","ANNUAL","00","00","YEAR","","2012-01-01 00:00:00.000","29,837,500",""
"SURVEY","ANIMALS & PRODUCTS","LIVESTOCK","HOGS","ALL CLASSES","ALL PRODUCTION PRACTICES","SLAUGHTER, COMMERCIAL","SLAUGHTERED","HEAD","HOGS, SLAUGHTER, COMMERCIAL - SLAUGHTERED, MEASURED IN HEAD","TOTAL","NOT SPECIFIED","STATE","19","19","IA","IOWA","","","","","","","","00000000","","","9000","UNITED STATES","IOWA","2009","ANNUAL","00","00","YEAR","","2012-01-01 00:00:00.000","32,150,200",""
"SURVEY","ANIMALS & PRODUCTS","LIVESTOCK","HOGS","ALL CLASSES","ALL PRODUCTION PRACTICES","SLAUGHTER, COMMERCIAL","SLAUGHTERED","HEAD","HOGS, SLAUGHTER, COMMERCIAL - SLAUGHTERED, MEASURED IN HEAD","TOTAL","NOT SPECIFIED","STATE","19","19","IA","IOWA","","","","","","","","00000000","","","9000","UNITED STATES","IOWA","2008","ANNUAL","00","00","YEAR","","2012-01-01 00:00:00.000","32,752,100",""
"SURVEY","ANIMALS & PRODUCTS","LIVESTOCK","HOGS","ALL CLASSES","ALL PRODUCTION PRACTICES","SLAUGHTER, COMMERCIAL","SLAUGHTERED","HEAD","HOGS, SLAUGHTER, COMMERCIAL - SLAUGHTERED, MEASURED IN HEAD","TOTAL","NOT SPECIFIED","STATE","19","19","IA","IOWA","","","","","","","","00000000","","","9000","UNITED STATES","IOWA","2007","ANNUAL","00","00","YEAR","","2012-01-01 00:00:00.000","29,953,600",""
"SURVEY","ANIMALS & PRODUCTS","LIVESTOCK","HOGS","ALL CLASSES","ALL PRODUCTION PRACTICES","SLAUGHTER, COMMERCIAL","SLAUGHTERED","HEAD","HOGS, SLAUGHTER, COMMERCIAL - SLAUGHTERED, MEASURED IN HEAD","TOTAL","NOT SPECIFIED","STATE","19","19","IA","IOWA","","","","","","","","00000000","","","9000","UNITED STATES","IOWA","2006","ANNUAL","00","00","YEAR","","2012-01-01 00:00:00.000","29,649,900",""
"SURVEY","ANIMALS & PRODUCTS","LIVESTOCK","HOGS","ALL CLASSES","ALL PRODUCTION PRACTICES","SLAUGHTER, COMMERCIAL","SLAUGHTERED","HEAD","HOGS, SLAUGHTER, COMMERCIAL - SLAUGHTERED, MEASURED IN HEAD","TOTAL","NOT SPECIFIED","STATE","19","19","IA","IOWA","","","","","","","","00000000","","","9000","UNITED STATES","IOWA","2005","ANNUAL","00","00","YEAR","","2012-01-01 00:00:00.000","29,832,300",""
"SURVEY","ANIMALS & PRODUCTS","LIVESTOCK","HOGS","ALL CLASSES","ALL PRODUCTION PRACTICES","SLAUGHTER, COMMERCIAL","SLAUGHTERED","HEAD","HOGS, SLAUGHTER, COMMERCIAL - SLAUGHTERED, MEASURED IN HEAD","TOTAL","NOT SPECIFIED","STATE","19","19","IA","IOWA","","","","","","","","00000000","","","9000","UNITED STATES","IOWA","2004","ANNUAL","00","00","YEAR","","2012-01-01 00:00:00.000","29,891,000",""
"SURVEY","ANIMALS & PRODUCTS","LIVESTOCK","HOGS","ALL CLASSES","ALL PRODUCTION PRACTICES","SLAUGHTER, COMMERCIAL","SLAUGHTERED","HEAD","HOGS, SLAUGHTER, COMMERCIAL - SLAUGHTERED, MEASURED IN HEAD","TOTAL","NOT SPECIFIED","STATE","19","19","IA","IOWA","","","","","","","","00000000","","","9000","UNITED STATES","IOWA","2003","ANNUAL","00","00","YEAR","","2012-01-01 00:00:00.000","29,239,100",""
"SURVEY","ANIMALS & PRODUCTS","LIVESTOCK","HOGS","ALL CLASSES","ALL PRODUCTION PRACTICES","SLAUGHTER, COMMERCIAL","SLAUGHTERED","HEAD","HOGS, SLAUGHTER, COMMERCIAL - SLAUGHTERED, MEASURED IN HEAD","TOTAL","NOT SPECIFIED","STATE","19","19","IA","IOWA","","","","","","","","00000000","","","9000","UNITED STATES","IOWA","2002","ANNUAL","00","00","YEAR","","2012-01-01 00:00:00.000","28,831,700",""
"SURVEY","ANIMALS & PRODUCTS","LIVESTOCK","HOGS","ALL CLASSES","ALL PRODUCTION PRACTICES","SLAUGHTER, COMMERCIAL","SLAUGHTERED","HEAD","HOGS, SLAUGHTER, COMMERCIAL - SLAUGHTERED, MEASURED IN HEAD","TOTAL","NOT SPECIFIED","STATE","19","19","IA","IOWA","","","","","","","","00000000","","","9000","UNITED STATES","IOWA","2001","ANNUAL","00","00","YEAR","","2012-01-01 00:00:00.000","27,371,500",""
"SURVEY","ANIMALS & PRODUCTS","LIVESTOCK","HOGS","ALL CLASSES","ALL PRODUCTION PRACTICES","SLAUGHTER, COMMERCIAL","SLAUGHTERED","HEAD","HOGS, SLAUGHTER, COMMERCIAL - SLAUGHTERED, MEASURED IN HEAD","TOTAL","NOT SPECIFIED","STATE","19","19","IA","IOWA","","","","","","","","00000000","","","9000","UNITED STATES","IOWA","2000","ANNUAL","00","00","YEAR","","2012-01-01 00:00:00.000","27,677,700",""
"SURVEY","ANIMALS & PRODUCTS","LIVESTOCK","HOGS","ALL CLASSES","ALL PRODUCTION PRACTICES","SLAUGHTER, COMMERCIAL","SLAUGHTERED","HEAD","HOGS, SLAUGHTER, COMMERCIAL - SLAUGHTERED, MEASURED IN HEAD","TOTAL","NOT SPECIFIED","STATE","19","19","IA","IOWA","","","","","","","","00000000","","","9000","UNITED STATES","IOWA","1999","ANNUAL","00","00","YEAR","","2012-01-01 00:00:00.000","29,556,100",""
"SURVEY","ANIMALS & PRODUCTS","LIVESTOCK","HOGS","ALL CLASSES","ALL PRODUCTION PRACTICES","SLAUGHTER, COMMERCIAL","SLAUGHTERED","HEAD","HOGS, SLAUGHTER, COMMERCIAL - SLAUGHTERED, MEASURED IN HEAD","TOTAL","NOT SPECIFIED","STATE","19","19","IA","IOWA","","","","","","","","00000000","","","9000","UNITED STATES","IOWA","1998","ANNUAL","00","00","YEAR","","2012-01-01 00:00:00.000","28,905,600",""
"SURVEY","ANIMALS & PRODUCTS","LIVESTOCK","HOGS","ALL CLASSES","ALL PRODUCTION PRACTICES","SLAUGHTER, COMMERCIAL","SLAUGHTERED","HEAD","HOGS, SLAUGHTER, COMMERCIAL - SLAUGHTERED, MEASURED IN HEAD","TOTAL","NOT SPECIFIED","STATE","19","19","IA","IOWA","","","","","","","","00000000","","","9000","UNITED STATES","IOWA","1997","ANNUAL","00","00","YEAR","","2012-01-01 00:00:00.000","24,449,500",""
"SURVEY","ANIMALS & PRODUCTS","LIVESTOCK","HOGS","ALL CLASSES","ALL PRODUCTION PRACTICES","SLAUGHTER, COMMERCIAL","SLAUGHTERED","LB / HEAD, LIVE BASIS","HOGS, SLAUGHTER, COMMERCIAL - SLAUGHTERED, MEASURED IN LB / HEAD, LIVE BASIS","TOTAL","NOT SPECIFIED","STATE","19","19","IA","IOWA","","","","","","","","00000000","","","9000","UNITED STATES","IOWA","2022","ANNUAL","00","00","YEAR","","2023-04-19 15:00:00.000","286",""
"SURVEY","ANIMALS & PRODUCTS","LIVESTOCK","HOGS","ALL CLASSES","ALL PRODUCTION PRACTICES","SLAUGHTER, COMMERCIAL","SLAUGHTERED","LB / HEAD, LIVE BASIS","HOGS, SLAUGHTER, COMMERCIAL - SLAUGHTERED, MEASURED IN LB / HEAD, LIVE BASIS","TOTAL","NOT SPECIFIED","STATE","19","19","IA","IOWA","","","","","","","","00000000","","","9000","UNITED STATES","IOWA","2021","ANNUAL","00","00","YEAR","","2023-04-19 15:00:00.000","287",""
"SURVEY","ANIMALS & PRODUCTS","LIVESTOCK","HOGS","ALL CLASSES","ALL PRODUCTION PRACTICES","SLAUGHTER, COMMERCIAL","SLAUGHTERED","LB / HEAD, LIVE BASIS","HOGS, SLAUGHTER, COMMERCIAL - SLAUGHTERED, MEASURED IN LB / HEAD, LIVE BASIS","TOTAL","NOT SPECIFIED","STATE","19","19","IA","IOWA","","","","","","","","00000000","","","9000","UNITED STATES","IOWA","2020","ANNUAL","00","00","YEAR","","2022-04-20 16:05:09.000","286",""
"SURVEY","ANIMALS & PRODUCTS","LIVESTOCK","HOGS","ALL CLASSES","ALL PRODUCTION PRACTICES","SLAUGHTER, COMMERCIAL","SLAUGHTERED","LB / HEAD, LIVE BASIS","HOGS, SLAUGHTER, COMMERCIAL - SLAUGHTERED, MEASURED IN LB / HEAD, LIVE BASIS","TOTAL","NOT SPECIFIED","STATE","19","19","IA","IOWA","","","","","","","","00000000","","","9000","UNITED STATES","IOWA","2019","ANNUAL","00","00","YEAR","","2021-04-21 15:20:54.000","285",""
"SURVEY","ANIMALS & PRODUCTS","LIVESTOCK","HOGS","ALL CLASSES","ALL PRODUCTION PRACTICES","SLAUGHTER, COMMERCIAL","SLAUGHTERED","LB / HEAD, LIVE BASIS","HOGS, SLAUGHTER, COMMERCIAL - SLAUGHTERED, MEASURED IN LB / HEAD, LIVE BASIS","TOTAL","NOT SPECIFIED","STATE","19","19","IA","IOWA","","","","","","","","00000000","","","9000","UNITED STATES","IOWA","2018","ANNUAL","00","00","YEAR","","2020-04-22 15:10:58.000","283",""
"SURVEY","ANIMALS & PRODUCTS","LIVESTOCK","HOGS","ALL CLASSES","ALL PRODUCTION PRACTICES","SLAUGHTER, COMMERCIAL","SLAUGHTERED","LB / HEAD, LIVE BASIS","HOGS, SLAUGHTER, COMMERCIAL - SLAUGHTERED, MEASURED IN LB / HEAD, LIVE BASIS","TOTAL","NOT SPECIFIED","STATE","19","19","IA","IOWA","","","","","","","","00000000","","","9000","UNITED STATES","IOWA","2017","ANNUAL","00","00","YEAR","","2019-04-24 15:09:22.000","282",""
"SURVEY","ANIMALS & PRODUCTS","LIVESTOCK","HOGS","ALL CLASSES","ALL PRODUCTION PRACTICES","SLAUGHTER, COMMERCIAL","SLAUGHTERED","LB / HEAD, LIVE BASIS","HOGS, SLAUGHTER, COMMERCIAL - SLAUGHTERED, MEASURED IN LB / HEAD, LIVE BASIS","TOTAL","NOT SPECIFIED","STATE","19","19","IA","IOWA","","","","","","","","00000000","","","9000","UNITED STATES","IOWA","2016","ANNUAL","00","00","YEAR","","2018-04-18 15:04:27.000","282",""
"SURVEY","ANIMALS & PRODUCTS","LIVESTOCK","HOGS","ALL CLASSES","ALL PRODUCTION PRACTICES","SLAUGHTER, COMMERCIAL","SLAUGHTERED","LB / HEAD, LIVE BASIS","HOGS, SLAUGHTER, COMMERCIAL - SLAUGHTERED, MEASURED IN LB / HEAD, LIVE BASIS","TOTAL","NOT SPECIFIED","STATE","19","19","IA","IOWA","","","","","","","","00000000","","","9000","UNITED STATES","IOWA","2015","ANNUAL","00","00","YEAR","","2017-04-19 15:11:08.000","283",""
"SURVEY","ANIMALS & PRODUCTS","LIVESTOCK","HOGS","ALL CLASSES","ALL PRODUCTION PRACTICES","SLAUGHTER, COMMERCIAL","SLAUGHTERED","LB / HEAD, LIVE BASIS","HOGS, SLAUGHTER, COMMERCIAL - SLAUGHTERED, MEASURED IN LB / HEAD, LIVE BASIS","TOTAL","NOT SPECIFIED","STATE","19","19","IA","IOWA","","","","","","","","00000000","","","9000","UNITED STATES","IOWA","2014","ANNUAL","00","00","YEAR","","2016-04-20 15:48:37.000","286",""
"SURVEY","ANIMALS & PRODUCTS","LIVESTOCK","HOGS","ALL CLASSES","ALL PRODUCTION PRACTICES","SLAUGHTER, COMMERCIAL","SLAUGHTERED","LB / HEAD, LIVE BASIS","HOGS, SLAUGHTER, COMMERCIAL - SLAUGHTERED, MEASURED IN LB / HEAD, LIVE BASIS","TOTAL","NOT SPECIFIED","STATE","19","19","IA","IOWA","","","","","","","","00000000","","","9000","UNITED STATES","IOWA","2013","ANNUAL","00","00","YEAR","","2015-04-27 15:00:41.000","277",""
"SURVEY","ANIMALS & PRODUCTS","LIVESTOCK","HOGS","ALL CLASSES","ALL PRODUCTION PRACTICES","SLAUGHTER, COMMERCIAL","SLAUGHTERED","LB / HEAD, LIVE BASIS","HOGS, SLAUGHTER, COMMERCIAL - SLAUGHTERED, MEASURED IN LB / HEAD, LIVE BASIS","TOTAL","NOT SPECIFIED","STATE","19","19","IA","IOWA","","","","","","","","00000000","","","9000","UNITED STATES","IOWA","2012","ANNUAL","00","00","YEAR","","2014-04-21 15:13:12.000","275",""
"SURVEY","ANIMALS & PRODUCTS","LIVESTOCK","HOGS","ALL CLASSES","ALL PRODUCTION PRACTICES","SLAUGHTER, COMMERCIAL","SLAUGHTERED","LB / HEAD, LIVE BASIS","HOGS, SLAUGHTER, COMMERCIAL - SLAUGHTERED, MEASURED IN LB / HEAD, LIVE BASIS","TOTAL","NOT SPECIFIED","STATE","19","19","IA","IOWA","","","","","","","","00000000","","","9000","UNITED STATES","IOWA","2011","ANNUAL","00","00","YEAR","","2013-04-30 07:53:09.000","275",""
"SURVEY","ANIMALS & PRODUCTS","LIVESTOCK","HOGS","ALL CLASSES","ALL PRODUCTION PRACTICES","SLAUGHTER, COMMERCIAL","SLAUGHTERED","LB / HEAD, LIVE BASIS","HOGS, SLAUGHTER, COMMERCIAL - SLAUGHTERED, MEASURED IN LB / HEAD, LIVE BASIS","TOTAL","NOT SPECIFIED","STATE","19","19","IA","IOWA","","","","","","","","00000000","","","9000","UNITED STATES","IOWA","2010","ANNUAL","00","00","YEAR","","2012-01-01 00:00:00.000","273",""
"SURVEY","ANIMALS & PRODUCTS","LIVESTOCK","HOGS","ALL CLASSES","ALL PRODUCTION PRACTICES","SLAUGHTER, COMMERCIAL","SLAUGHTERED","LB / HEAD, LIVE BASIS","HOGS, SLAUGHTER, COMMERCIAL - SLAUGHTERED, MEASURED IN LB / HEAD, LIVE BASIS","TOTAL","NOT SPECIFIED","STATE","19","19","IA","IOWA","","","","","","","","00000000","","","9000","UNITED STATES","IOWA","2009","ANNUAL","00","00","YEAR","","2012-01-01 00:00:00.000","270",""
"SURVEY","ANIMALS & PRODUCTS","LIVESTOCK","HOGS","ALL CLASSES","ALL PRODUCTION PRACTICES","SLAUGHTER, COMMERCIAL","SLAUGHTERED","LB / HEAD, LIVE BASIS","HOGS, SLAUGHTER, COMMERCIAL - SLAUGHTERED, MEASURED IN LB / HEAD, LIVE BASIS","TOTAL","NOT SPECIFIED","STATE","19","19","IA","IOWA","","","","","","","","00000000","","","9000","UNITED STATES","IOWA","2008","ANNUAL","00","00","YEAR","","2012-01-01 00:00:00.000","267",""
"SURVEY","ANIMALS & PRODUCTS","LIVESTOCK","HOGS","ALL CLASSES","ALL PRODUCTION PRACTICES","SLAUGHTER, COMMERCIAL","SLAUGHTERED","LB / HEAD, LIVE BASIS","HOGS, SLAUGHTER, COMMERCIAL - SLAUGHTERED, MEASURED IN LB / HEAD, LIVE BASIS","TOTAL","NOT SPECIFIED","STATE","19","19","IA","IOWA","","","","","","","","00000000","","","9000","UNITED STATES","IOWA","2007","ANNUAL","00","00","YEAR","","2012-01-01 00:00:00.000","270",""
"SURVEY","ANIMALS & PRODUCTS","LIVESTOCK","HOGS","ALL CLASSES","ALL PRODUCTION PRACTICES","SLAUGHTER, COMMERCIAL","SLAUGHTERED","LB / HEAD, LIVE BASIS","HOGS, SLAUGHTER, COMMERCIAL - SLAUGHTERED, MEASURED IN LB / HEAD, LIVE BASIS","TOTAL","NOT SPECIFIED","STATE","19","19","IA","IOWA","","","","","","","","00000000","","","9000","UNITED STATES","IOWA","2006","ANNUAL","00","00","YEAR","","2012-01-01 00:00:00.000","271",""
"SURVEY","ANIMALS & PRODUCTS","LIVESTOCK","HOGS","ALL CLASSES","ALL PRODUCTION PRACTICES","SLAUGHTER, COMMERCIAL","SLAUGHTERED","LB / HEAD, LIVE BASIS","HOGS, SLAUGHTER, COMMERCIAL - SLAUGHTERED, MEASURED IN LB / HEAD, LIVE BASIS","TOTAL","NOT SPECIFIED","STATE","19","19","IA","IOWA","","","","","","","","00000000","","","9000","UNITED STATES","IOWA","2005","ANNUAL","00","00","YEAR","","2012-01-01 00:00:00.000","271",""
"SURVEY","ANIMALS & PRODUCTS","LIVESTOCK","HOGS","ALL CLASSES","ALL PRODUCTION PRACTICES","SLAUGHTER, COMMERCIAL","SLAUGHTERED","LB / HEAD, LIVE BASIS","HOGS, SLAUGHTER, COMMERCIAL - SLAUGHTERED, MEASURED IN LB / HEAD, LIVE BASIS","TOTAL","NOT SPECIFIED","STATE","19","19","IA","IOWA","","","","","","","","00000000","","","9000","UNITED STATES","IOWA","2004","ANNUAL","00","00","YEAR","","2012-01-01 00:00:00.000","268",""
"SURVEY","ANIMALS & PRODUCTS","LIVESTOCK","HOGS","ALL CLASSES","ALL PRODUCTION PRACTICES","SLAUGHTER, COMMERCIAL","SLAUGHTERED","LB / HEAD, LIVE BASIS","HOGS, SLAUGHTER, COMMERCIAL - SLAUGHTERED, MEASURED IN LB / HEAD, LIVE BASIS","TOTAL","NOT SPECIFIED","STATE","19","19","IA","IOWA","","","","","","","","00000000","","","9000","UNITED STATES","IOWA","2003","ANNUAL","00","00","YEAR","","2012-01-01 00:00:00.000","266",""
"SURVEY","ANIMALS & PRODUCTS","LIVESTOCK","HOGS","ALL CLASSES","ALL PRODUCTION PRACTICES","SLAUGHTER, COMMERCIAL","SLAUGHTERED","LB / HEAD, LIVE BASIS","HOGS, SLAUGHTER, COMMERCIAL - SLAUGHTERED, MEASURED IN LB / HEAD, LIVE BASIS","TOTAL","NOT SPECIFIED","STATE","19","19","IA","IOWA","","","","","","","","00000000","","","9000","UNITED STATES","IOWA","2002","ANNUAL","00","00","YEAR","","2012-01-01 00:00:00.000","265",""
"SURVEY","ANIMALS & PRODUCTS","LIVESTOCK","HOGS","ALL CLASSES","ALL PRODUCTION PRACTICES","SLAUGHTER, COMMERCIAL","SLAUGHTERED","LB / HEAD, LIVE BASIS","HOGS, SLAUGHTER, COMMERCIAL - SLAUGHTERED, MEASURED IN LB / HEAD, LIVE BASIS","TOTAL","NOT SPECIFIED","STATE","19","19","IA","IOWA","","","","","","","","00000000","","","9000","UNITED STATES","IOWA","2001","ANNUAL","00","00","YEAR","","2012-01-01 00:00:00.000","265",""
"SURVEY","ANIMALS & PRODUCTS","LIVESTOCK","HOGS","ALL CLASSES","ALL PRODUCTION PRACTICES","SLAUGHTER, COMMERCIAL","SLAUGHTERED","LB / HEAD, LIVE BASIS","HOGS, SLAUGHTER, COMMERCIAL - SLAUGHTERED, MEASURED IN LB / HEAD, LIVE BASIS","TOTAL","NOT SPECIFIED","STATE","19","19","IA","IOWA","","","","","","","","00000000","","","9000","UNITED STATES","IOWA","2000","ANNUAL","00","00","YEAR","","2012-01-01 00:00:00.000","264",""
"SURVEY","ANIMALS & PRODUCTS","LIVESTOCK","HOGS","ALL CLASSES","ALL PRODUCTION PRACTICES","SLAUGHTER, COMMERCIAL","SLAUGHTERED","LB / HEAD, LIVE BASIS","HOGS, SLAUGHTER, COMMERCIAL - SLAUGHTERED, MEASURED IN LB / HEAD, LIVE BASIS","TOTAL","NOT SPECIFIED","STATE","19","19","IA","IOWA","","","","","","","","00000000","","","9000","UNITED STATES","IOWA","1999","ANNUAL","00","00","YEAR","","2012-01-01 00:00:00.000","260",""
"SURVEY","ANIMALS & PRODUCTS","LIVESTOCK","HOGS","ALL CLASSES","ALL PRODUCTION PRACTICES","SLAUGHTER, COMMERCIAL","SLAUGHTERED","LB / HEAD, LIVE BASIS","HOGS, SLAUGHTER, COMMERCIAL - SLAUGHTERED, MEASURED IN LB / HEAD, LIVE BASIS","TOTAL","NOT SPECIFIED","STATE","19","19","IA","IOWA","","","","","","","","00000000","","","9000","UNITED STATES","IOWA","1998","ANNUAL","00","00","YEAR","","2012-01-01 00:00:00.000","259",""
"SURVEY","ANIMALS & PRODUCTS","LIVESTOCK","HOGS","ALL CLASSES","ALL PRODUCTION PRACTICES","SLAUGHTER, COMMERCIAL","SLAUGHTERED","LB / HEAD, LIVE BASIS","HOGS, SLAUGHTER, COMMERCIAL - SLAUGHTERED, MEASURED IN LB / HEAD, LIVE BASIS","TOTAL","NOT SPECIFIED","STATE","19","19","IA","IOWA","","","","","","","","00000000","","","9000","UNITED STATES","IOWA","1997","ANNUAL","00","00","YEAR","","2012-01-01 00:00:00.000","258",""
"SURVEY","ANIMALS & PRODUCTS","LIVESTOCK","HOGS","ALL CLASSES","ALL PRODUCTION PRACTICES","SLAUGHTER, COMMERCIAL","SLAUGHTERED","LB, LIVE BASIS","HOGS, SLAUGHTER, COMMERCIAL - SLAUGHTERED, MEASURED IN LB, LIVE BASIS","TOTAL","NOT SPECIFIED","STATE","19","19","IA","IOWA","","","","","","","","00000000","","","9000","UNITED STATES","IOWA","2022","ANNUAL","00","00","YEAR","","2023-04-19 15:00:00.000","10,935,378,000",""
"SURVEY","ANIMALS & PRODUCTS","LIVESTOCK","HOGS","ALL CLASSES","ALL PRODUCTION PRACTICES","SLAUGHTER, COMMERCIAL","SLAUGHTERED","LB, LIVE BASIS","HOGS, SLAUGHTER, COMMERCIAL - SLAUGHTERED, MEASURED IN LB, LIVE BASIS","TOTAL","NOT SPECIFIED","STATE","19","19","IA","IOWA","","","","","","","","00000000","","","9000","UNITED STATES","IOWA","2021","ANNUAL","00","00","YEAR","","2023-04-19 15:00:00.000","11,262,300,000",""
"SURVEY","ANIMALS & PRODUCTS","LIVESTOCK","HOGS","ALL CLASSES","ALL PRODUCTION PRACTICES","SLAUGHTER, COMMERCIAL","SLAUGHTERED","LB, LIVE BASIS","HOGS, SLAUGHTER, COMMERCIAL - SLAUGHTERED, MEASURED IN LB, LIVE BASIS","TOTAL","NOT SPECIFIED","STATE","19","19","IA","IOWA","","","","","","","","00000000","","","9000","UNITED STATES","IOWA","2020","ANNUAL","00","00","YEAR","","2022-04-20 16:05:09.000","11,552,917,000",""
"SURVEY","ANIMALS & PRODUCTS","LIVESTOCK","HOGS","ALL CLASSES","ALL PRODUCTION PRACTICES","SLAUGHTER, COMMERCIAL","SLAUGHTERED","LB, LIVE BASIS","HOGS, SLAUGHTER, COMMERCIAL - SLAUGHTERED, MEASURED IN LB, LIVE BASIS","TOTAL","NOT SPECIFIED","STATE","19","19","IA","IOWA","","","","","","","","00000000","","","9000","UNITED STATES","IOWA","2019","ANNUAL","00","00","YEAR","","2021-04-21 15:20:54.000","11,128,200,000",""
"SURVEY","ANIMALS & PRODUCTS","LIVESTOCK","HOGS","ALL CLASSES","ALL PRODUCTION PRACTICES","SLAUGHTER, COMMERCIAL","SLAUGHTERED","LB, LIVE BASIS","HOGS, SLAUGHTER, COMMERCIAL - SLAUGHTERED, MEASURED IN LB, LIVE BASIS","TOTAL","NOT SPECIFIED","STATE","19","19","IA","IOWA","","","","","","","","00000000","","","9000","UNITED STATES","IOWA","2018","ANNUAL","00","00","YEAR","","2020-04-22 15:10:58.000","9,908,595,000",""
"SURVEY","ANIMALS & PRODUCTS","LIVESTOCK","HOGS","ALL CLASSES","ALL PRODUCTION PRACTICES","SLAUGHTER, COMMERCIAL","SLAUGHTERED","LB, LIVE BASIS","HOGS, SLAUGHTER, COMMERCIAL - SLAUGHTERED, MEASURED IN LB, LIVE BASIS","TOTAL","NOT SPECIFIED","STATE","19","19","IA","IOWA","","","","","","","","00000000","","","9000","UNITED STATES","IOWA","2017","ANNUAL","00","00","YEAR","","2019-04-24 15:09:22.000","9,294,052,000",""
"SURVEY","ANIMALS & PRODUCTS","LIVESTOCK","HOGS","ALL CLASSES","ALL PRODUCTION PRACTICES","SLAUGHTER, COMMERCIAL","SLAUGHTERED","LB, LIVE BASIS","HOGS, SLAUGHTER, COMMERCIAL - SLAUGHTERED, MEASURED IN LB, LIVE BASIS","TOTAL","NOT SPECIFIED","STATE","19","19","IA","IOWA","","","","","","","","00000000","","","9000","UNITED STATES","IOWA","2016","ANNUAL","00","00","YEAR","","2018-04-18 15:04:27.000","9,101,367,000",""
"SURVEY","ANIMALS & PRODUCTS","LIVESTOCK","HOGS","ALL CLASSES","ALL PRODUCTION PRACTICES","SLAUGHTER, COMMERCIAL","SLAUGHTERED","LB, LIVE BASIS","HOGS, SLAUGHTER, COMMERCIAL - SLAUGHTERED, MEASURED IN LB, LIVE BASIS","TOTAL","NOT SPECIFIED","STATE","19","19","IA","IOWA","","","","","","","","00000000","","","9000","UNITED STATES","IOWA","2015","ANNUAL","00","00","YEAR","","2017-04-19 15:11:08.000","8,801,753,000",""
"SURVEY","ANIMALS & PRODUCTS","LIVESTOCK","HOGS","ALL CLASSES","ALL PRODUCTION PRACTICES","SLAUGHTER, COMMERCIAL","SLAUGHTERED","LB, LIVE BASIS","HOGS, SLAUGHTER, COMMERCIAL - SLAUGHTERED, MEASURED IN LB, LIVE BASIS","TOTAL","NOT SPECIFIED","STATE","19","19","IA","IOWA","","","","","","","","00000000","","","9000","UNITED STATES","IOWA","2014","ANNUAL","00","00","YEAR","","2016-04-20 15:48:37.000","8,197,146,000",""
"SURVEY","ANIMALS & PRODUCTS","LIVESTOCK","HOGS","ALL CLASSES","ALL PRODUCTION PRACTICES","SLAUGHTER, COMMERCIAL","SLAUGHTERED","LB, LIVE BASIS","HOGS, SLAUGHTER, COMMERCIAL - SLAUGHTERED, MEASURED IN LB, LIVE BASIS","TOTAL","NOT SPECIFIED","STATE","19","19","IA","IOWA","","","","","","","","00000000","","","9000","UNITED STATES","IOWA","2013","ANNUAL","00","00","YEAR","","2015-04-27 15:00:41.000","8,185,368,000",""
"SURVEY","ANIMALS & PRODUCTS","LIVESTOCK","HOGS","ALL CLASSES","ALL PRODUCTION PRACTICES","SLAUGHTER, COMMERCIAL","SLAUGHTERED","LB, LIVE BASIS","HOGS, SLAUGHTER, COMMERCIAL - SLAUGHTERED, MEASURED IN LB, LIVE BASIS","TOTAL","NOT SPECIFIED","STATE","19","19","IA","IOWA","","","","","","","","00000000","","","9000","UNITED STATES","IOWA","2012","ANNUAL","00","00","YEAR","","2014-04-21 15:13:12.000","8,291,508,000",""
"SURVEY","ANIMALS & PRODUCTS","LIVESTOCK","HOGS","ALL CLASSES","ALL PRODUCTION PRACTICES","SLAUGHTER, COMMERCIAL","SLAUGHTERED","LB, LIVE BASIS","HOGS, SLAUGHTER, COMMERCIAL - SLAUGHTERED, MEASURED IN LB, LIVE BASIS","TOTAL","NOT SPECIFIED","STATE","19","19","IA","IOWA","","","","","","","","00000000","","","9000","UNITED STATES","IOWA","2011","ANNUAL","00","00","YEAR","","2013-04-30 07:53:09.000","8,177,329,000",""
"SURVEY","ANIMALS & PRODUCTS","LIVESTOCK","HOGS","ALL CLASSES","ALL PRODUCTION PRACTICES","SLAUGHTER, COMMERCIAL","SLAUGHTERED","LB, LIVE BASIS","HOGS, SLAUGHTER, COMMERCIAL - SLAUGHTERED, MEASURED IN LB, LIVE BASIS","TOTAL","NOT SPECIFIED","STATE","19","19","IA","IOWA","","","","","","","","00000000","","","9000","UNITED STATES","IOWA","2010","ANNUAL","00","00","YEAR","","2012-01-01 00:00:00.000","8,144,471,000",""
"SURVEY","ANIMALS & PRODUCTS","LIVESTOCK","HOGS","ALL CLASSES","ALL PRODUCTION PRACTICES","SLAUGHTER, COMMERCIAL","SLAUGHTERED","LB, LIVE BASIS","HOGS, SLAUGHTER, COMMERCIAL - SLAUGHTERED, MEASURED IN LB, LIVE BASIS","TOTAL","NOT SPECIFIED","STATE","19","19","IA","IOWA","","","","","","","","00000000","","","9000","UNITED STATES","IOWA","2009","ANNUAL","00","00","YEAR","","2012-01-01 00:00:00.000","8,682,322,000",""
"SURVEY","ANIMALS & PRODUCTS","LIVESTOCK","HOGS","ALL CLASSES","ALL PRODUCTION PRACTICES","SLAUGHTER, COMMERCIAL","SLAUGHTERED","LB, LIVE BASIS","HOGS, SLAUGHTER, COMMERCIAL - SLAUGHTERED, MEASURED IN LB, LIVE BASIS","TOTAL","NOT SPECIFIED","STATE","19","19","IA","IOWA","","","","","","","","00000000","","","9000","UNITED STATES","IOWA","2008","ANNUAL","00","00","YEAR","","2012-01-01 00:00:00.000","8,744,111,000",""
"SURVEY","ANIMALS & PRODUCTS","LIVESTOCK","HOGS","ALL CLASSES","ALL PRODUCTION PRACTICES","SLAUGHTER, COMMERCIAL","SLAUGHTERED","LB, LIVE BASIS","HOGS, SLAUGHTER, COMMERCIAL - SLAUGHTERED, MEASURED IN LB, LIVE BASIS","TOTAL","NOT SPECIFIED","STATE","19","19","IA","IOWA","","","","","","","","00000000","","","9000","UNITED STATES","IOWA","2007","ANNUAL","00","00","YEAR","","2012-01-01 00:00:00.000","8,073,532,000",""
"SURVEY","ANIMALS & PRODUCTS","LIVESTOCK","HOGS","ALL CLASSES","ALL PRODUCTION PRACTICES","SLAUGHTER, COMMERCIAL","SLAUGHTERED","LB, LIVE BASIS","HOGS, SLAUGHTER, COMMERCIAL - SLAUGHTERED, MEASURED IN LB, LIVE BASIS","TOTAL","NOT SPECIFIED","STATE","19","19","IA","IOWA","","","","","","","","00000000","","","9000","UNITED STATES","IOWA","2006","ANNUAL","00","00","YEAR","","2012-01-01 00:00:00.000","8,023,172,000",""
"SURVEY","ANIMALS & PRODUCTS","LIVESTOCK","HOGS","ALL CLASSES","ALL PRODUCTION PRACTICES","SLAUGHTER, COMMERCIAL","SLAUGHTERED","LB, LIVE BASIS","HOGS, SLAUGHTER, COMMERCIAL - SLAUGHTERED, MEASURED IN LB, LIVE BASIS","TOTAL","NOT SPECIFIED","STATE","19","19","IA","IOWA","","","","","","","","00000000","","","9000","UNITED STATES","IOWA","2005","ANNUAL","00","00","YEAR","","2012-01-01 00:00:00.000","8,078,870,000",""
"SURVEY","ANIMALS & PRODUCTS","LIVESTOCK","HOGS","ALL CLASSES","ALL PRODUCTION PRACTICES","SLAUGHTER, COMMERCIAL","SLAUGHTERED","LB, LIVE BASIS","HOGS, SLAUGHTER, COMMERCIAL - SLAUGHTERED, MEASURED IN LB, LIVE BASIS","TOTAL","NOT SPECIFIED","STATE","19","19","IA","IOWA","","","","","","","","00000000","","","9000","UNITED STATES","IOWA","2004","ANNUAL","00","00","YEAR","","2012-01-01 00:00:00.000","8,011,551,000",""
"SURVEY","ANIMALS & PRODUCTS","LIVESTOCK","HOGS","ALL CLASSES","ALL PRODUCTION PRACTICES","SLAUGHTER, COMMERCIAL","SLAUGHTERED","LB, LIVE BASIS","HOGS, SLAUGHTER, COMMERCIAL - SLAUGHTERED, MEASURED IN LB, LIVE BASIS","TOTAL","NOT SPECIFIED","STATE","19","19","IA","IOWA","","","","","","","","00000000","","","9000","UNITED STATES","IOWA","2003","ANNUAL","00","00","YEAR","","2012-01-01 00:00:00.000","7,788,309,000",""
"SURVEY","ANIMALS & PRODUCTS","LIVESTOCK","HOGS","ALL CLASSES","ALL PRODUCTION PRACTICES","SLAUGHTER, COMMERCIAL","SLAUGHTERED","LB, LIVE BASIS","HOGS, SLAUGHTER, COMMERCIAL - SLAUGHTERED, MEASURED IN LB, LIVE BASIS","TOTAL","NOT SPECIFIED","STATE","19","19","IA","IOWA","","","","","","","","00000000","","","9000","UNITED STATES","IOWA","2002","ANNUAL","00","00","YEAR","","2012-01-01 00:00:00.000","7,639,312,000",""
"SURVEY","ANIMALS & PRODUCTS","LIVESTOCK","HOGS","ALL CLASSES","ALL PRODUCTION PRACTICES","SLAUGHTER, COMMERCIAL","SLAUGHTERED","LB, LIVE BASIS","HOGS, SLAUGHTER, COMMERCIAL - SLAUGHTERED, MEASURED IN LB, LIVE BASIS","TOTAL","NOT SPECIFIED","STATE","19","19","IA","IOWA","","","","","","","","00000000","","","9000","UNITED STATES","IOWA","2001","ANNUAL","00","00","YEAR","","2012-01-01 00:00:00.000","7,246,283,000",""
"SURVEY","ANIMALS & PRODUCTS","LIVESTOCK","HOGS","ALL CLASSES","ALL PRODUCTION PRACTICES","SLAUGHTER, COMMERCIAL","SLAUGHTERED","LB, LIVE BASIS","HOGS, SLAUGHTER, COMMERCIAL - SLAUGHTERED, MEASURED IN LB, LIVE BASIS","TOTAL","NOT SPECIFIED","STATE","19","19","IA","IOWA","","","","","","","","00000000","","","9000","UNITED STATES","IOWA","2000","ANNUAL","00","00","YEAR","","2012-01-01 00:00:00.000","7,293,941,000",""
"SURVEY","ANIMALS & PRODUCTS","LIVESTOCK","HOGS","ALL CLASSES","ALL PRODUCTION PRACTICES","SLAUGHTER, COMMERCIAL","SLAUGHTERED","LB, LIVE BASIS","HOGS, SLAUGHTER, COMMERCIAL - SLAUGHTERED, MEASURED IN LB, LIVE BASIS","TOTAL","NOT SPECIFIED","STATE","19","19","IA","IOWA","","","","","","","","00000000","","","9000","UNITED STATES","IOWA","1999","ANNUAL","00","00","YEAR","","2012-01-01 00:00:00.000","7,692,865,000",""
"SURVEY","ANIMALS & PRODUCTS","LIVESTOCK","HOGS","ALL CLASSES","ALL PRODUCTION PRACTICES","SLAUGHTER, COMMERCIAL","SLAUGHTERED","LB, LIVE BASIS","HOGS, SLAUGHTER, COMMERCIAL - SLAUGHTERED, MEASURED IN LB, LIVE BASIS","TOTAL","NOT SPECIFIED","STATE","19","19","IA","IOWA","","","","","","","","00000000","","","9000","UNITED STATES","IOWA","1998","ANNUAL","00","00","YEAR","","2012-01-01 00:00:00.000","7,481,015,000",""
"SURVEY","ANIMALS & PRODUCTS","LIVESTOCK","HOGS","ALL CLASSES","ALL PRODUCTION PRACTICES","SLAUGHTER, COMMERCIAL","SLAUGHTERED","LB, LIVE BASIS","HOGS, SLAUGHTER, COMMERCIAL - SLAUGHTERED, MEASURED IN LB, LIVE BASIS","TOTAL","NOT SPECIFIED","STATE","19","19","IA","IOWA","","","","","","","","00000000","","","9000","UNITED STATES","IOWA","1997","ANNUAL","00","00","YEAR","","2012-01-01 00:00:00.000","6,309,027,000",""
"SURVEY","ANIMALS & PRODUCTS","LIVESTOCK","HOGS","ALL CLASSES","ALL PRODUCTION PRACTICES","SLAUGHTER, COMMERCIAL, FI","SLAUGHTERED","HEAD","HOGS, SLAUGHTER, COMMERCIAL, FI - SLAUGHTERED, MEASURED IN HEAD","TOTAL","NOT SPECIFIED","STATE","19","19","IA","IOWA","","","","","","","","00000000","","","9000","UNITED STATES","IOWA","2022","ANNUAL","00","00","YEAR","","2023-04-19 15:00:00.000","38,181,389",""
"SURVEY","ANIMALS & PRODUCTS","LIVESTOCK","HOGS","ALL CLASSES","ALL PRODUCTION PRACTICES","SLAUGHTER, COMMERCIAL, FI","SLAUGHTERED","HEAD","HOGS, SLAUGHTER, COMMERCIAL, FI - SLAUGHTERED, MEASURED IN HEAD","TOTAL","NOT SPECIFIED","STATE","19","19","IA","IOWA","","","","","","","","00000000","","","9000","UNITED STATES","IOWA","2021","ANNUAL","00","00","YEAR","","2023-04-19 15:00:00.000","39,232,254",""
"SURVEY","ANIMALS & PRODUCTS","LIVESTOCK","HOGS","ALL CLASSES","ALL PRODUCTION PRACTICES","SLAUGHTER, COMMERCIAL, FI","SLAUGHTERED","HEAD","HOGS, SLAUGHTER, COMMERCIAL, FI - SLAUGHTERED, MEASURED IN HEAD","TOTAL","NOT SPECIFIED","STATE","19","19","IA","IOWA","","","","","","","","00000000","","","9000","UNITED STATES","IOWA","2020","ANNUAL","00","00","YEAR","","2022-04-20 16:05:09.000","40,310,593",""
"SURVEY","ANIMALS & PRODUCTS","LIVESTOCK","HOGS","ALL CLASSES","ALL PRODUCTION PRACTICES","SLAUGHTER, COMMERCIAL, FI","SLAUGHTERED","HEAD","HOGS, SLAUGHTER, COMMERCIAL, FI - SLAUGHTERED, MEASURED IN HEAD","TOTAL","NOT SPECIFIED","STATE","19","19","IA","IOWA","","","","","","","","00000000","","","9000","UNITED STATES","IOWA","2019","ANNUAL","00","00","YEAR","","2021-04-21 15:20:54.000","39,090,205",""
"SURVEY","ANIMALS & PRODUCTS","LIVESTOCK","HOGS","ALL CLASSES","ALL PRODUCTION PRACTICES","SLAUGHTER, COMMERCIAL, FI","SLAUGHTERED","HEAD","HOGS, SLAUGHTER, COMMERCIAL, FI - SLAUGHTERED, MEASURED IN HEAD","TOTAL","NOT SPECIFIED","STATE","19","19","IA","IOWA","","","","","","","","00000000","","","9000","UNITED STATES","IOWA","2018","ANNUAL","00","00","YEAR","","2020-04-22 15:17:24.000","35,005,532",""
"SURVEY","ANIMALS & PRODUCTS","LIVESTOCK","HOGS","ALL CLASSES","ALL PRODUCTION PRACTICES","SLAUGHTER, COMMERCIAL, FI","SLAUGHTERED","HEAD","HOGS, SLAUGHTER, COMMERCIAL, FI - SLAUGHTERED, MEASURED IN HEAD","TOTAL","NOT SPECIFIED","STATE","19","19","IA","IOWA","","","","","","","","00000000","","","9000","UNITED STATES","IOWA","2017","ANNUAL","00","00","YEAR","","2019-04-24 15:15:56.000","32,882,934",""
"SURVEY","ANIMALS & PRODUCTS","LIVESTOCK","HOGS","ALL CLASSES","ALL PRODUCTION PRACTICES","SLAUGHTER, COMMERCIAL, FI","SLAUGHTERED","HEAD","HOGS, SLAUGHTER, COMMERCIAL, FI - SLAUGHTERED, MEASURED IN HEAD","TOTAL","NOT SPECIFIED","STATE","19","19","IA","IOWA","","","","","","","","00000000","","","9000","UNITED STATES","IOWA","2016","ANNUAL","00","00","YEAR","","2018-04-20 13:44:15.000","32,207,992",""
"SURVEY","ANIMALS & PRODUCTS","LIVESTOCK","HOGS","ALL CLASSES","ALL PRODUCTION PRACTICES","SLAUGHTER, COMMERCIAL, FI","SLAUGHTERED","HEAD","HOGS, SLAUGHTER, COMMERCIAL, FI - SLAUGHTERED, MEASURED IN HEAD","TOTAL","NOT SPECIFIED","STATE","19","19","IA","IOWA","","","","","","","","00000000","","","9000","UNITED STATES","IOWA","2015","ANNUAL","00","00","YEAR","","2017-04-19 15:14:14.000","31,072,699",""
"SURVEY","ANIMALS & PRODUCTS","LIVESTOCK","HOGS","ALL CLASSES","ALL PRODUCTION PRACTICES","SLAUGHTER, COMMERCIAL, FI","SLAUGHTERED","HEAD","HOGS, SLAUGHTER, COMMERCIAL, FI - SLAUGHTERED, MEASURED IN HEAD","TOTAL","NOT SPECIFIED","STATE","19","19","IA","IOWA","","","","","","","","00000000","","","9000","UNITED STATES","IOWA","2014","ANNUAL","00","00","YEAR","","2016-05-02 14:48:51.000","28,618,421",""
"SURVEY","ANIMALS & PRODUCTS","LIVESTOCK","HOGS","ALL CLASSES","ALL PRODUCTION PRACTICES","SLAUGHTER, COMMERCIAL, FI","SLAUGHTERED","HEAD","HOGS, SLAUGHTER, COMMERCIAL, FI - SLAUGHTERED, MEASURED IN HEAD","TOTAL","NOT SPECIFIED","STATE","19","19","IA","IOWA","","","","","","","","00000000","","","9000","UNITED STATES","IOWA","2013","ANNUAL","00","00","YEAR","","2015-04-29 09:36:41.000","29,566,025",""
"SURVEY","ANIMALS & PRODUCTS","LIVESTOCK","HOGS","ALL CLASSES","ALL PRODUCTION PRACTICES","SLAUGHTER, COMMERCIAL, FI","SLAUGHTERED","HEAD","HOGS, SLAUGHTER, COMMERCIAL, FI - SLAUGHTERED, MEASURED IN HEAD","TOTAL","NOT SPECIFIED","STATE","19","19","IA","IOWA","","","","","","","","00000000","","","9000","UNITED STATES","IOWA","2012","ANNUAL","00","00","YEAR","","2015-02-03 09:00:51.000","30,130,918",""
"SURVEY","ANIMALS & PRODUCTS","LIVESTOCK","HOGS","ALL CLASSES","ALL PRODUCTION PRACTICES","SLAUGHTER, COMMERCIAL, FI","SLAUGHTERED","HEAD","HOGS, SLAUGHTER, COMMERCIAL, FI - SLAUGHTERED, MEASURED IN HEAD","TOTAL","NOT SPECIFIED","STATE","19","19","IA","IOWA","","","","","","","","00000000","","","9000","UNITED STATES","IOWA","2011","ANNUAL","00","00","YEAR","","2015-02-03 09:00:51.000","29,721,378",""
"SURVEY","ANIMALS & PRODUCTS","LIVESTOCK","HOGS","ALL CLASSES","ALL PRODUCTION PRACTICES","SLAUGHTER, COMMERCIAL, FI","SLAUGHTERED","HEAD","HOGS, SLAUGHTER, COMMERCIAL, FI - SLAUGHTERED, MEASURED IN HEAD","TOTAL","NOT SPECIFIED","STATE","19","19","IA","IOWA","","","","","","","","00000000","","","9000","UNITED STATES","IOWA","2010","ANNUAL","00","00","YEAR","","2015-02-03 09:00:51.000","29,817,971",""
"SURVEY","ANIMALS & PRODUCTS","LIVESTOCK","HOGS","ALL CLASSES","ALL PRODUCTION PRACTICES","SLAUGHTER, COMMERCIAL, FI","SLAUGHTERED","HEAD","HOGS, SLAUGHTER, COMMERCIAL, FI - SLAUGHTERED, MEASURED IN HEAD","TOTAL","NOT SPECIFIED","STATE","19","19","IA","IOWA","","","","","","","","00000000","","","9000","UNITED STATES","IOWA","2009","ANNUAL","00","00","YEAR","","2015-02-03 09:00:51.000","32,126,639",""
"SURVEY","ANIMALS & PRODUCTS","LIVESTOCK","HOGS","ALL CLASSES","ALL PRODUCTION PRACTICES","SLAUGHTER, COMMERCIAL, FI","SLAUGHTERED","HEAD","HOGS, SLAUGHTER, COMMERCIAL, FI - SLAUGHTERED, MEASURED IN HEAD","TOTAL","NOT SPECIFIED","STATE","19","19","IA","IOWA","","","","","","","","00000000","","","9000","UNITED STATES","IOWA","2008","ANNUAL","00","00","YEAR","","2015-02-03 09:00:51.000","32,728,100",""
"SURVEY","ANIMALS & PRODUCTS","LIVESTOCK","HOGS","ALL CLASSES","ALL PRODUCTION PRACTICES","SLAUGHTER, COMMERCIAL, FI","SLAUGHTERED","HEAD","HOGS, SLAUGHTER, COMMERCIAL, FI - SLAUGHTERED, MEASURED IN HEAD","TOTAL","NOT SPECIFIED","STATE","19","19","IA","IOWA","","","","","","","","00000000","","","9000","UNITED STATES","IOWA","2007","ANNUAL","00","00","YEAR","","2015-02-03 09:00:51.000","29,932,600",""
"SURVEY","ANIMALS & PRODUCTS","LIVESTOCK","HOGS","ALL CLASSES","ALL PRODUCTION PRACTICES","SLAUGHTER, COMMERCIAL, FI","SLAUGHTERED","HEAD","HOGS, SLAUGHTER, COMMERCIAL, FI - SLAUGHTERED, MEASURED IN HEAD","TOTAL","NOT SPECIFIED","STATE","19","19","IA","IOWA","","","","","","","","00000000","","","9000","UNITED STATES","IOWA","2006","ANNUAL","00","00","YEAR","","2015-02-03 09:00:51.000","29,627,300",""
"SURVEY","ANIMALS & PRODUCTS","LIVESTOCK","HOGS","ALL CLASSES","ALL PRODUCTION PRACTICES","SLAUGHTER, COMMERCIAL, FI","SLAUGHTERED","HEAD","HOGS, SLAUGHTER, COMMERCIAL, FI - SLAUGHTERED, MEASURED IN HEAD","TOTAL","NOT SPECIFIED","STATE","19","19","IA","IOWA","","","","","","","","00000000","","","9000","UNITED STATES","IOWA","2004","ANNUAL","00","00","YEAR","","2012-01-01 00:00:00.000","29,865,300",""
"SURVEY","ANIMALS & PRODUCTS","LIVESTOCK","HOGS","ALL CLASSES","ALL PRODUCTION PRACTICES","SLAUGHTER, COMMERCIAL, FI","SLAUGHTERED","HEAD","HOGS, SLAUGHTER, COMMERCIAL, FI - SLAUGHTERED, MEASURED IN HEAD","TOTAL","NOT SPECIFIED","STATE","19","19","IA","IOWA","","","","","","","","00000000","","","9000","UNITED STATES","IOWA","2003","ANNUAL","00","00","YEAR","","2012-01-01 00:00:00.000","29,213,700",""
"SURVEY","ANIMALS & PRODUCTS","LIVESTOCK","HOGS","ALL CLASSES","ALL PRODUCTION PRACTICES","SLAUGHTER, COMMERCIAL, FI","SLAUGHTERED","HEAD","HOGS, SLAUGHTER, COMMERCIAL, FI - SLAUGHTERED, MEASURED IN HEAD","TOTAL","NOT SPECIFIED","STATE","19","19","IA","IOWA","","","","","","","","00000000","","","9000","UNITED STATES","IOWA","2002","ANNUAL","00","00","YEAR","","2012-01-01 00:00:00.000","28,801,800",""
"SURVEY","ANIMALS & PRODUCTS","LIVESTOCK","HOGS","ALL CLASSES","ALL PRODUCTION PRACTICES","SLAUGHTER, COMMERCIAL, FI","SLAUGHTERED","HEAD","HOGS, SLAUGHTER, COMMERCIAL, FI - SLAUGHTERED, MEASURED IN HEAD","TOTAL","NOT SPECIFIED","STATE","19","19","IA","IOWA","","","","","","","","00000000","","","9000","UNITED STATES","IOWA","2001","ANNUAL","00","00","YEAR","","2012-01-01 00:00:00.000","27,345,000",""
"SURVEY","ANIMALS & PRODUCTS","LIVESTOCK","HOGS","ALL CLASSES","ALL PRODUCTION PRACTICES","SLAUGHTER, COMMERCIAL, FI","SLAUGHTERED","HEAD","HOGS, SLAUGHTER, COMMERCIAL, FI - SLAUGHTERED, MEASURED IN HEAD","TOTAL","NOT SPECIFIED","STATE","19","19","IA","IOWA","","","","","","","","00000000","","","9000","UNITED STATES","IOWA","2000","ANNUAL","00","00","YEAR","","2012-01-01 00:00:00.000","27,651,400",""
"SURVEY","ANIMALS & PRODUCTS","LIVESTOCK","HOGS","ALL CLASSES","ALL PRODUCTION PRACTICES","SLAUGHTER, COMMERCIAL, FI","SLAUGHTERED","HEAD","HOGS, SLAUGHTER, COMMERCIAL, FI - SLAUGHTERED, MEASURED IN HEAD","TOTAL","NOT SPECIFIED","STATE","19","19","IA","IOWA","","","","","","","","00000000","","","9000","UNITED STATES","IOWA","1999","ANNUAL","00","00","YEAR","","2012-01-01 00:00:00.000","29,524,400",""
"SURVEY","ANIMALS & PRODUCTS","LIVESTOCK","HOGS","ALL CLASSES","ALL PRODUCTION PRACTICES","SLAUGHTER, COMMERCIAL, FI","SLAUGHTERED","HEAD","HOGS, SLAUGHTER, COMMERCIAL, FI - SLAUGHTERED, MEASURED IN HEAD","TOTAL","NOT SPECIFIED","STATE","19","19","IA","IOWA","","","","","","","","00000000","","","9000","UNITED STATES","IOWA","1998","ANNUAL","00","00","YEAR","","2012-01-01 00:00:00.000","28,877,500",""
"SURVEY","ANIMALS & PRODUCTS","LIVESTOCK","HOGS","ALL CLASSES","ALL PRODUCTION PRACTICES","SLAUGHTER, COMMERCIAL, FI","SLAUGHTERED","HEAD","HOGS, SLAUGHTER, COMMERCIAL, FI - SLAUGHTERED, MEASURED IN HEAD","TOTAL","NOT SPECIFIED","STATE","19","19","IA","IOWA","","","","","","","","00000000","","","9000","UNITED STATES","IOWA","1997","ANNUAL","00","00","YEAR","","2012-01-01 00:00:00.000","24,417,900",""
"SURVEY","ANIMALS & PRODUCTS","LIVESTOCK","HOGS","ALL CLASSES","ALL PRODUCTION PRACTICES","SLAUGHTER, ON FARM","SLAUGHTERED","HEAD","HOGS, SLAUGHTER, ON FARM - SLAUGHTERED, MEASURED IN HEAD","TOTAL","NOT SPECIFIED","STATE","19","19","IA","IOWA","","","","","","","","00000000","","","9000","UNITED STATES","IOWA","2022","ANNUAL","00","00","YEAR","","2023-04-27 15:00:00.000","5,000",""
"SURVEY","ANIMALS & PRODUCTS","LIVESTOCK","HOGS","ALL CLASSES","ALL PRODUCTION PRACTICES","SLAUGHTER, ON FARM","SLAUGHTERED","HEAD","HOGS, SLAUGHTER, ON FARM - SLAUGHTERED, MEASURED IN HEAD","TOTAL","NOT SPECIFIED","STATE","19","19","IA","IOWA","","","","","","","","00000000","","","9000","UNITED STATES","IOWA","2021","ANNUAL","00","00","YEAR","","2023-04-27 15:00:00.000","4,000",""
"SURVEY","ANIMALS & PRODUCTS","LIVESTOCK","HOGS","ALL CLASSES","ALL PRODUCTION PRACTICES","SLAUGHTER, ON FARM","SLAUGHTERED","HEAD","HOGS, SLAUGHTER, ON FARM - SLAUGHTERED, MEASURED IN HEAD","TOTAL","NOT SPECIFIED","STATE","19","19","IA","IOWA","","","","","","","","00000000","","","9000","UNITED STATES","IOWA","2020","ANNUAL","00","00","YEAR","","2022-04-28 15:12:39.000","4,000",""
"SURVEY","ANIMALS & PRODUCTS","LIVESTOCK","HOGS","ALL CLASSES","ALL PRODUCTION PRACTICES","SLAUGHTER, ON FARM","SLAUGHTERED","HEAD","HOGS, SLAUGHTER, ON FARM - SLAUGHTERED, MEASURED IN HEAD","TOTAL","NOT SPECIFIED","STATE","19","19","IA","IOWA","","","","","","","","00000000","","","9000","UNITED STATES","IOWA","2019","ANNUAL","00","00","YEAR","","2022-05-12 15:13:24.000","5,000",""
"SURVEY","ANIMALS & PRODUCTS","LIVESTOCK","HOGS","ALL CLASSES","ALL PRODUCTION PRACTICES","SLAUGHTER, ON FARM","SLAUGHTERED","HEAD","HOGS, SLAUGHTER, ON FARM - SLAUGHTERED, MEASURED IN HEAD","TOTAL","NOT SPECIFIED","STATE","19","19","IA","IOWA","","","","","","","","00000000","","","9000","UNITED STATES","IOWA","2018","ANNUAL","00","00","YEAR","","2020-04-30 15:08:01.000","5,000",""
"SURVEY","ANIMALS & PRODUCTS","LIVESTOCK","HOGS","ALL CLASSES","ALL PRODUCTION PRACTICES","SLAUGHTER, ON FARM","SLAUGHTERED","HEAD","HOGS, SLAUGHTER, ON FARM - SLAUGHTERED, MEASURED IN HEAD","TOTAL","NOT SPECIFIED","STATE","19","19","IA","IOWA","","","","","","","","00000000","","","9000","UNITED STATES","IOWA","2017","ANNUAL","00","00","YEAR","","2019-05-30 15:03:21.000","4,000",""
"SURVEY","ANIMALS & PRODUCTS","LIVESTOCK","HOGS","ALL CLASSES","ALL PRODUCTION PRACTICES","SLAUGHTER, ON FARM","SLAUGHTERED","HEAD","HOGS, SLAUGHTER, ON FARM - SLAUGHTERED, MEASURED IN HEAD","TOTAL","NOT SPECIFIED","STATE","19","19","IA","IOWA","","","","","","","","00000000","","","9000","UNITED STATES","IOWA","2016","ANNUAL","00","00","YEAR","","2019-05-30 15:03:21.000","4,000",""
"SURVEY","ANIMALS & PRODUCTS","LIVESTOCK","HOGS","ALL CLASSES","ALL PRODUCTION PRACTICES","SLAUGHTER, ON FARM","SLAUGHTERED","HEAD","HOGS, SLAUGHTER, ON FARM - SLAUGHTERED, MEASURED IN HEAD","TOTAL","NOT SPECIFIED","STATE","19","19","IA","IOWA","","","","","","","","00000000","","","9000","UNITED STATES","IOWA","2015","ANNUAL","00","00","YEAR","","2019-05-30 15:03:21.000","6,000",""
"SURVEY","ANIMALS & PRODUCTS","LIVESTOCK","HOGS","ALL CLASSES","ALL PRODUCTION PRACTICES","SLAUGHTER, ON FARM","SLAUGHTERED","HEAD","HOGS, SLAUGHTER, ON FARM - SLAUGHTERED, MEASURED IN HEAD","TOTAL","NOT SPECIFIED","STATE","19","19","IA","IOWA","","","","","","","","00000000","","","9000","UNITED STATES","IOWA","2014","ANNUAL","00","00","YEAR","","2019-05-30 15:03:21.000","7,000",""
"SURVEY","ANIMALS & PRODUCTS","LIVESTOCK","HOGS","ALL CLASSES","ALL PRODUCTION PRACTICES","SLAUGHTER, ON FARM","SLAUGHTERED","HEAD","HOGS, SLAUGHTER, ON FARM - SLAUGHTERED, MEASURED IN HEAD","TOTAL","NOT SPECIFIED","STATE","19","19","IA","IOWA","","","","","","","","00000000","","","9000","UNITED STATES","IOWA","2013","ANNUAL","00","00","YEAR","","2019-05-30 15:03:21.000","8,000",""
"SURVEY","ANIMALS & PRODUCTS","LIVESTOCK","HOGS","ALL CLASSES","ALL PRODUCTION PRACTICES","SLAUGHTER, ON FARM","SLAUGHTERED","HEAD","HOGS, SLAUGHTER, ON FARM - SLAUGHTERED, MEASURED IN HEAD","TOTAL","NOT SPECIFIED","STATE","19","19","IA","IOWA","","","","","","","","00000000","","","9000","UNITED STATES","IOWA","2012","ANNUAL","00","00","YEAR","","2014-10-29 15:18:36.000","8,000",""
"SURVEY","ANIMALS & PRODUCTS","LIVESTOCK","HOGS","ALL CLASSES","ALL PRODUCTION PRACTICES","SLAUGHTER, ON FARM","SLAUGHTERED","HEAD","HOGS, SLAUGHTER, ON FARM - SLAUGHTERED, MEASURED IN HEAD","TOTAL","NOT SPECIFIED","STATE","19","19","IA","IOWA","","","","","","","","00000000","","","9000","UNITED STATES","IOWA","2011","ANNUAL","00","00","YEAR","","2014-10-29 15:18:36.000","10,000",""
"SURVEY","ANIMALS & PRODUCTS","LIVESTOCK","HOGS","ALL CLASSES","ALL PRODUCTION PRACTICES","SLAUGHTER, ON FARM","SLAUGHTERED","HEAD","HOGS, SLAUGHTER, ON FARM - SLAUGHTERED, MEASURED IN HEAD","TOTAL","NOT SPECIFIED","STATE","19","19","IA","IOWA","","","","","","","","00000000","","","9000","UNITED STATES","IOWA","2010","ANNUAL","00","00","YEAR","","2014-10-29 15:18:36.000","11,000",""
"SURVEY","ANIMALS & PRODUCTS","LIVESTOCK","HOGS","ALL CLASSES","ALL PRODUCTION PRACTICES","SLAUGHTER, ON FARM","SLAUGHTERED","HEAD","HOGS, SLAUGHTER, ON FARM - SLAUGHTERED, MEASURED IN HEAD","TOTAL","NOT SPECIFIED","STATE","19","19","IA","IOWA","","","","","","","","00000000","","","9000","UNITED STATES","IOWA","2009","ANNUAL","00","00","YEAR","","2014-10-29 15:18:36.000","11,000",""
"SURVEY","ANIMALS & PRODUCTS","LIVESTOCK","HOGS","ALL CLASSES","ALL PRODUCTION PRACTICES","SLAUGHTER, ON FARM","SLAUGHTERED","HEAD","HOGS, SLAUGHTER, ON FARM - SLAUGHTERED, MEASURED IN HEAD","TOTAL","NOT SPECIFIED","STATE","19","19","IA","IOWA","","","","","","","","00000000","","","9000","UNITED STATES","IOWA","2008","ANNUAL","00","00","YEAR","","2014-10-29 15:18:36.000","11,000",""
"SURVEY","ANIMALS & PRODUCTS","LIVESTOCK","HOGS","ALL CLASSES","ALL PRODUCTION PRACTICES","SLAUGHTER, ON FARM","SLAUGHTERED","HEAD","HOGS, SLAUGHTER, ON FARM - SLAUGHTERED, MEASURED IN HEAD","TOTAL","NOT SPECIFIED","STATE","19","19","IA","IOWA","","","","","","","","00000000","","","9000","UNITED STATES","IOWA","2007","ANNUAL","00","00","YEAR","","2012-01-01 00:00:00.000","11,000",""
"SURVEY","ANIMALS & PRODUCTS","LIVESTOCK","HOGS","ALL CLASSES","ALL PRODUCTION PRACTICES","SLAUGHTER, ON FARM","SLAUGHTERED","HEAD","HOGS, SLAUGHTER, ON FARM - SLAUGHTERED, MEASURED IN HEAD","TOTAL","NOT SPECIFIED","STATE","19","19","IA","IOWA","","","","","","","","00000000","","","9000","UNITED STATES","IOWA","2006","ANNUAL","00","00","YEAR","","2012-01-01 00:00:00.000","11,000",""
"SURVEY","ANIMALS & PRODUCTS","LIVESTOCK","HOGS","ALL CLASSES","ALL PRODUCTION PRACTICES","SLAUGHTER, ON FARM","SLAUGHTERED","HEAD","HOGS, SLAUGHTER, ON FARM - SLAUGHTERED, MEASURED IN HEAD","TOTAL","NOT SPECIFIED","STATE","19","19","IA","IOWA","","","","","","","","00000000","","","9000","UNITED STATES","IOWA","2005","ANNUAL","00","00","YEAR","","2012-01-01 00:00:00.000","11,000",""
"SURVEY","ANIMALS & PRODUCTS","LIVESTOCK","HOGS","ALL CLASSES","ALL PRODUCTION PRACTICES","SLAUGHTER, ON FARM","SLAUGHTERED","HEAD","HOGS, SLAUGHTER, ON FARM - SLAUGHTERED, MEASURED IN HEAD","TOTAL","NOT SPECIFIED","STATE","19","19","IA","IOWA","","","","","","","","00000000","","","9000","UNITED STATES","IOWA","2004","ANNUAL","00","00","YEAR","","2012-01-01 00:00:00.000","11,000",""
"SURVEY","ANIMALS & PRODUCTS","LIVESTOCK","HOGS","ALL CLASSES","ALL PRODUCTION PRACTICES","SLAUGHTER, ON FARM","SLAUGHTERED","HEAD","HOGS, SLAUGHTER, ON FARM - SLAUGHTERED, MEASURED IN HEAD","TOTAL","NOT SPECIFIED","STATE","19","19","IA","IOWA","","","","","","","","00000000","","","9000","UNITED STATES","IOWA","2003","ANNUAL","00","00","YEAR","","2012-01-01 00:00:00.000","11,000",""
"SURVEY","ANIMALS & PRODUCTS","LIVESTOCK","HOGS","ALL CLASSES","ALL PRODUCTION PRACTICES","SLAUGHTER, ON FARM","SLAUGHTERED","HEAD","HOGS, SLAUGHTER, ON FARM - SLAUGHTERED, MEASURED IN HEAD","TOTAL","NOT SPECIFIED","STATE","19","19","IA","IOWA","","","","","","","","00000000","","","9000","UNITED STATES","IOWA","2002","ANNUAL","00","00","YEAR","","2012-01-01 00:00:00.000","11,000",""
"SURVEY","ANIMALS & PRODUCTS","LIVESTOCK","HOGS","ALL CLASSES","ALL PRODUCTION PRACTICES","SLAUGHTER, ON FARM","SLAUGHTERED","HEAD","HOGS, SLAUGHTER, ON FARM - SLAUGHTERED, MEASURED IN HEAD","TOTAL","NOT SPECIFIED","STATE","19","19","IA","IOWA","","","","","","","","00000000","","","9000","UNITED STATES","IOWA","2001","ANNUAL","00","00","YEAR","","2012-01-01 00:00:00.000","11,000",""
"SURVEY","ANIMALS & PRODUCTS","LIVESTOCK","HOGS","ALL CLASSES","ALL PRODUCTION PRACTICES","SLAUGHTER, ON FARM","SLAUGHTERED","HEAD","HOGS, SLAUGHTER, ON FARM - SLAUGHTERED, MEASURED IN HEAD","TOTAL","NOT SPECIFIED","STATE","19","19","IA","IOWA","","","","","","","","00000000","","","9000","UNITED STATES","IOWA","2000","ANNUAL","00","00","YEAR","","2012-01-01 00:00:00.000","13,000",""
"SURVEY","ANIMALS & PRODUCTS","LIVESTOCK","HOGS","ALL CLASSES","ALL PRODUCTION PRACTICES","SLAUGHTER, ON FARM","SLAUGHTERED","HEAD","HOGS, SLAUGHTER, ON FARM - SLAUGHTERED, MEASURED IN HEAD","TOTAL","NOT SPECIFIED","STATE","19","19","IA","IOWA","","","","","","","","00000000","","","9000","UNITED STATES","IOWA","1999","ANNUAL","00","00","YEAR","","2012-01-01 00:00:00.000","15,000",""
"SURVEY","ANIMALS & PRODUCTS","LIVESTOCK","HOGS","ALL CLASSES","ALL PRODUCTION PRACTICES","SLAUGHTER, ON FARM","SLAUGHTERED","HEAD","HOGS, SLAUGHTER, ON FARM - SLAUGHTERED, MEASURED IN HEAD","TOTAL","NOT SPECIFIED","STATE","19","19","IA","IOWA","","","","","","","","00000000","","","9000","UNITED STATES","IOWA","1998","ANNUAL","00","00","YEAR","","2012-01-01 00:00:00.000","18,000",""
"SURVEY","ANIMALS & PRODUCTS","LIVESTOCK","HOGS","ALL CLASSES","ALL PRODUCTION PRACTICES","SLAUGHTER, ON FARM","SLAUGHTERED","HEAD","HOGS, SLAUGHTER, ON FARM - SLAUGHTERED, MEASURED IN HEAD","TOTAL","NOT SPECIFIED","STATE","19","19","IA","IOWA","","","","","","","","00000000","","","9000","UNITED STATES","IOWA","1997","ANNUAL","00","00","YEAR","","2012-01-01 00:00:00.000","17,000",""
